/*
 Navicat Premium Data Transfer

 Source Server         : mysql
 Source Server Type    : MySQL
 Source Server Version : 50718
 Source Host           : localhost:3306
 Source Schema         : dblog

 Target Server Type    : MySQL
 Target Server Version : 50718
 File Encoding         : 65001

 Date: 17/11/2019 17:44:43
*/

SET NAMES utf8mb4;
SET FOREIGN_KEY_CHECKS = 0;

-- ----------------------------
-- Table structure for biz_article
-- ----------------------------
DROP TABLE IF EXISTS `biz_article`;
CREATE TABLE `biz_article` (
  `id` bigint(20) unsigned NOT NULL AUTO_INCREMENT,
  `title` varchar(255) COLLATE utf8mb4_unicode_ci DEFAULT NULL COMMENT '文章标题',
  `user_id` bigint(20) unsigned NOT NULL COMMENT '用户ID',
  `cover_image` varchar(255) COLLATE utf8mb4_unicode_ci DEFAULT NULL COMMENT '文章封面图片',
  `qrcode_path` varchar(255) COLLATE utf8mb4_unicode_ci DEFAULT NULL COMMENT '文章专属二维码地址',
  `is_markdown` tinyint(1) unsigned DEFAULT '1',
  `content` mediumtext COLLATE utf8mb4_unicode_ci COMMENT '文章内容',
  `content_md` mediumtext COLLATE utf8mb4_unicode_ci COMMENT 'markdown版的文章内容',
  `top` tinyint(1) DEFAULT '0' COMMENT '是否置顶',
  `type_id` bigint(20) unsigned NOT NULL COMMENT '类型',
  `status` tinyint(1) unsigned DEFAULT NULL COMMENT '状态',
  `recommended` tinyint(1) unsigned DEFAULT '0' COMMENT '是否推荐',
  `original` tinyint(1) unsigned DEFAULT '1' COMMENT '是否原创',
  `description` varchar(300) COLLATE utf8mb4_unicode_ci DEFAULT NULL COMMENT '文章简介，最多200字',
  `keywords` varchar(200) COLLATE utf8mb4_unicode_ci DEFAULT NULL COMMENT '文章关键字，优化搜索',
  `comment` tinyint(1) unsigned DEFAULT '1' COMMENT '是否开启评论',
  `create_time` datetime DEFAULT CURRENT_TIMESTAMP COMMENT '添加时间',
  `update_time` datetime DEFAULT CURRENT_TIMESTAMP COMMENT '更新时间',
  PRIMARY KEY (`id`) USING BTREE
) ENGINE=InnoDB AUTO_INCREMENT=9 DEFAULT CHARSET=utf8mb4 COLLATE=utf8mb4_unicode_ci ROW_FORMAT=COMPACT;

-- ----------------------------
-- Records of biz_article
-- ----------------------------
BEGIN;
INSERT INTO `biz_article` VALUES (2, 'xfBlog博客简介 （未开启评论）', 1, 'zhyd/cover/20180613092017699.jpg', NULL, 1, '<h1 id=\"blog-\">Blog博客</h1>\n<p>DBlog是一款简洁美观、自适应的Java博客系统。使用springboot开发，前端使用Bootstrap。支持移动端自适应，配有完备的前台和后台管理功能。</p>\n<p><strong>网站预览</strong>    </p>\n<p><a href=\"https://www.zhyd.me\">https://www.zhyd.me</a>  </p>\n<p><strong>开源地址</strong>   </p>\n<ol>\n<li><a href=\"https://github.com/xufengyan\">Github</a>    </li>\n</ol>\n<h2 id=\"-\">写在前面的话</h2>\n<p>ps: 虽然我知道，大部分人都是来了<strong>直接下载源代码</strong>后就潇洒的离开，并且只有等到下次<strong>突然想到</strong>“我天~~我得去看看OneBlog这烂项目更新新功能了吗”的时候才会重新来到这儿，即使你重新来过，我估计你也只有两个选择：    </p>\n<p>发现更新代码了 --&gt; 下载源码后重复上面的步骤<br>发现没更新代码 --&gt; 直接关闭浏览器</p>\n<p>虽然我知道现实就是如此的残酷，但我还是要以我萤虫之力对各位到来的同仁发出一声诚挚的嘶吼：</p>\n<p><strong>如果喜欢，请多多分享！！多多Star！！fork可以，但还是请star一下！！</strong></p>\n<h3 id=\"-\">开发环境</h3>\n<table>\n<thead>\n<tr>\n<th>工具</th>\n<th>版本或描述</th>\n</tr>\n</thead>\n<tbody>\n<tr>\n<td>OS</td>\n<td>Windows 7</td>\n</tr>\n<tr>\n<td>JDK</td>\n<td>1.7+</td>\n</tr>\n<tr>\n<td>IDE</td>\n<td>IntelliJ IDEA 2017.3</td>\n</tr>\n<tr>\n<td>Maven</td>\n<td>3.3.1</td>\n</tr>\n<tr>\n<td>MySQL</td>\n<td>5.6.4</td>\n</tr>\n</tbody>\n</table>\n<h3 id=\"-\">模块划分</h3>\n<table>\n<thead>\n<tr>\n<th>模块</th>\n<th>释义</th>\n</tr>\n</thead>\n<tbody>\n<tr>\n<td>blog-core</td>\n<td>核心业务类模块，提供基本的数据操作、工具处理等</td>\n</tr>\n<tr>\n<td>blog-admin</td>\n<td>后台管理模块</td>\n</tr>\n<tr>\n<td>blog-web</td>\n<td>前台模块</td>\n</tr>\n</tbody>\n</table>\n<h3 id=\"-\">技术栈</h3>\n<ul>\n<li>Springboot 1.5.9</li>\n<li>Apache Shiro 1.2.2</li>\n<li>Logback</li>\n<li>Redis</li>\n<li>Lombok</li>\n<li>Websocket</li>\n<li>MySQL、Mybatis、Mapper</li>\n<li>Bootstrap 3.3.0</li>\n<li>jQuery 1.11.1、jQuery Lazyload 1.9.7、fancybox、iCheck</li>\n<li>...</li>\n</ul>\n<h3 id=\"-\">使用方法</h3>\n<ol>\n<li>使用IDE导入本项目</li>\n<li>新建数据库<code>CREATE DATABASE dblog;</code></li>\n<li>导入数据库<code>docs/db/dblog.sql</code></li>\n<li>修改(<code>resources/application.yml</code>)配置文件<ol>\n<li>数据库链接属性(可搜索<code>datasource</code>或定位到L.19) </li>\n<li>redis配置(可搜索<code>redis</code>或定位到L.69)</li>\n<li>mail配置(可搜索<code>mail</code>或定位到L.89)<br>注：因为系统存在redis缓存，如果是第一次使用，可以直接修改sys_config表内容，如果不是第一次用，建议使用admin项目中的<code>系统配置</code>页面修改相关配置内容</li>\n</ol>\n</li>\n<li>运行项目(三种方式)<ol>\n<li>项目根目录下执行<code>mvn -X clean package -Dmaven.test.skip=true</code>编译打包，然后执行<code>java -jar target/blog-web.jar</code></li>\n<li>项目根目录下执行<code>mvn springboot:run</code></li>\n<li>直接运行<code>BlogWebApplication.java</code></li>\n</ol>\n</li>\n<li>浏览器访问<code>http://127.0.0.1:8443</code></li>\n</ol>\n<p><strong>后台用户</strong></p>\n<p><em>超级管理员</em>： 账号：root  密码：123456  （本地测试使用这个账号，admin没设置权限）</p>\n<p><em>普通管理员</em>： 账号：admin  密码：123456</p>\n<p><em>评论审核管理员</em>： 账号：comment-admin  密码：123456</p>\n<p>注：后台用户的创建，尽可能做到<strong>权限最小化</strong></p>\n', '# Blog博客\nDBlog是一款简洁美观、自适应的Java博客系统。使用springboot开发，前端使用Bootstrap。支持移动端自适应，配有完备的前台和后台管理功能。\n  \n**网站预览**    \n \n[https://www.zhyd.me](https://www.zhyd.me)  \n\n**开源地址**   \n1. [Github](https://github.com/xufengyan)    \n\n## 写在前面的话\nps: 虽然我知道，大部分人都是来了**直接下载源代码**后就潇洒的离开，并且只有等到下次**突然想到**“我天~~我得去看看OneBlog这烂项目更新新功能了吗”的时候才会重新来到这儿，即使你重新来过，我估计你也只有两个选择：    \n\n发现更新代码了 --> 下载源码后重复上面的步骤    \n发现没更新代码 --> 直接关闭浏览器\n\n虽然我知道现实就是如此的残酷，但我还是要以我萤虫之力对各位到来的同仁发出一声诚挚的嘶吼：\n\n**如果喜欢，请多多分享！！多多Star！！fork可以，但还是请star一下！！**\n\n\n### 开发环境\n\n| 工具    | 版本或描述                |\n| ----- | -------------------- |\n| OS    | Windows 7            |\n| JDK   | 1.7+                 |\n| IDE   | IntelliJ IDEA 2017.3 |\n| Maven | 3.3.1                |\n| MySQL | 5.6.4                |\n\n### 模块划分\n\n| 模块         | 释义                      |\n| ---------- | ----------------------- |\n| blog-core  | 核心业务类模块，提供基本的数据操作、工具处理等 |\n| blog-admin | 后台管理模块                  |\n| blog-web   | 前台模块                    |\n\n\n### 技术栈\n\n- Springboot 1.5.9\n- Apache Shiro 1.2.2\n- Logback\n- Redis\n- Lombok\n- Websocket\n- MySQL、Mybatis、Mapper\n- Bootstrap 3.3.0\n- jQuery 1.11.1、jQuery Lazyload 1.9.7、fancybox、iCheck\n- ...\n\n\n### 使用方法\n\n1. 使用IDE导入本项目\n2. 新建数据库`CREATE DATABASE dblog;`\n3. 导入数据库`docs/db/dblog.sql`\n4. 修改(`resources/application.yml`)配置文件\n   1. 数据库链接属性(可搜索`datasource`或定位到L.19) \n   2. redis配置(可搜索`redis`或定位到L.69)\n   3. mail配置(可搜索`mail`或定位到L.89)\n   注：因为系统存在redis缓存，如果是第一次使用，可以直接修改sys_config表内容，如果不是第一次用，建议使用admin项目中的`系统配置`页面修改相关配置内容\n5. 运行项目(三种方式)\n   1. 项目根目录下执行`mvn -X clean package -Dmaven.test.skip=true`编译打包，然后执行`java -jar target/blog-web.jar`\n   2. 项目根目录下执行`mvn springboot:run`\n   3. 直接运行`BlogWebApplication.java`\n6. 浏览器访问`http://127.0.0.1:8443`\n\n\n**后台用户**\n\n_超级管理员_： 账号：root  密码：123456  （本地测试使用这个账号，admin没设置权限）\n\n_普通管理员_： 账号：admin  密码：123456\n\n_评论审核管理员_： 账号：comment-admin  密码：123456\n\n注：后台用户的创建，尽可能做到**权限最小化**\n', 0, 3, 1, 0, 1, 'xfBlog是一款简洁美观、自适应的Java博客系统。使用springboot开发，前端使用Bootstrap。支持移动端自适应，配有完备的前台和后台管理功能。', 'xfBlog博客', 0, '2019-07-25 20:33:10', '2019-11-17 11:00:34');
INSERT INTO `biz_article` VALUES (3, 'Java常见异常种类', 1, '', NULL, 0, '<p style=\"margin-top: 0px;\">Java Exception：</p><p style=\"margin-top: 0px;\">1、Error&nbsp;</p><p style=\"margin-top: 0px;\">2、Runtime Exception 运行时异常</p><p style=\"margin-top: 0px;\">3、Exception&nbsp;</p><p style=\"margin-top: 0px;\">4、throw 用户自定义异常</p><p style=\"margin-top: 0px;\">异常类分两大类型：Error类代表了编译和系统的错误，不允许捕获；Exception类代表了标准Java库方法所激发的异常。Exception类还包含运行异常类Runtime_Exception和非运行异常类Non_RuntimeException这两个直接的子类。</p><p style=\"margin-top: 0px;\">运行异常类对应于编译错误，它是指Java程序在运行时产生的由解释器引发的各种异常。运行异常可能出现在任何地方，且出现频率很高，因此为了避免巨大的系统资源开销，编译器不对异常进行检查。所以Java语言中的运行异常不一定被捕获。出现运行错误往往表示代码有错误，如：算数异常（如被0除）、下标异常（如数组越界）等。</p><p style=\"margin-top: 0px;\">非运行异常时Non_RuntimeException类及其子类的实例，又称为可检测异常。Java编译器利用分析方法或构造方法中可能产生的结果来检测Java程序中是否含有检测异常的处理程序，对于每个可能的可检测异常，方法或构造方法的throws子句必须列出该异常对应的类。在Java的标准包java.lang java.util 和 java.net 中定义的异常都是非运行异常。</p><p style=\"margin-top: 0px;\">&nbsp;</p><p style=\"margin-top: 0px;\"><span style=\"font-weight: 700;\">算术异常类</span>：ArithmeticExecption</p><p style=\"margin-top: 0px;\"><span style=\"font-weight: 700;\">空指针异常类</span>：NullPointerException</p><p style=\"margin-top: 0px;\"><span style=\"font-weight: 700;\">类型强制转换异常</span>：ClassCastException</p><p style=\"margin-top: 0px;\"><span style=\"font-weight: 700;\">数组负下标异常</span>：NegativeArrayException</p><p style=\"margin-top: 0px;\"><span style=\"font-weight: 700;\">数组下标越界异常</span>：ArrayIndexOutOfBoundsException</p><p style=\"margin-top: 0px;\"><span style=\"font-weight: 700;\">违背安全原则异常</span>：SecturityException</p><p style=\"margin-top: 0px;\"><span style=\"font-weight: 700;\">文件已结束异常</span>：EOFException</p><p style=\"margin-top: 0px;\"><span style=\"font-weight: 700;\">文件未找到异常</span>：FileNotFoundException</p><p style=\"margin-top: 0px;\"><span style=\"font-weight: 700;\">字符串转换为数字异常</span>：NumberFormatException</p><p style=\"margin-top: 0px;\"><span style=\"font-weight: 700;\">操作数据库异常</span>：SQLException</p><p style=\"margin-top: 0px;\"><span style=\"font-weight: 700;\">输入输出异常</span>：IOException</p><p style=\"margin-top: 0px;\"><span style=\"font-weight: 700;\">方法未找到异常</span>：NoSuchMethodException</p><p style=\"margin-top: 0px;\">java.lang.AbstractMethodError</p><p style=\"margin-top: 0px;\"><span style=\"font-weight: 700;\">抽象方法错误</span>。当应用试图调用抽象方法时抛出。</p><p style=\"margin-top: 0px;\">java.lang.AssertionError</p><p style=\"margin-top: 0px;\"><span style=\"font-weight: 700;\">断言错</span>。用来指示一个断言失败的情况。</p><p style=\"margin-top: 0px;\">java.lang.ClassCircularityError</p><p style=\"margin-top: 0px;\"><span style=\"font-weight: 700;\">类循环依赖错误</span>。在初始化一个类时，若检测到类之间循环依赖则抛出该异常。</p><p style=\"margin-top: 0px;\">java.lang.ClassFormatError</p><p style=\"margin-top: 0px;\"><span style=\"font-weight: 700;\">类格式错误</span>。当Java虚拟机试图从一个文件中读取Java类，而检测到该文件的内容不符合类的有效格式时抛出。</p><p style=\"margin-top: 0px;\">java.lang.Error</p><p style=\"margin-top: 0px;\"><span style=\"font-weight: 700;\">错误</span>。是所有错误的基类，用于标识严重的程序运行问题。这些问题通常描述一些不应被应用程序捕获的反常情况。</p><p style=\"margin-top: 0px;\">java.lang.ExceptionInInitializerError</p><p style=\"margin-top: 0px;\"><span style=\"font-weight: 700;\">初始化程序错误</span>。当执行一个类的静态初始化程序的过程中，发生了异常时抛出。静态初始化程序是指直接包含于类中的static语句段。</p><p style=\"margin-top: 0px;\">java.lang.IllegalAccessError</p><p style=\"margin-top: 0px;\"><span style=\"font-weight: 700;\">违法访问错误</span>。当一个应用试图访问、修改某个类的域（Field）或者调用其方法，但是又违反域或方法的可见性声明，则抛出该异常。</p><p style=\"margin-top: 0px;\">java.lang.IncompatibleClassChangeError</p><p style=\"margin-top: 0px;\"><span style=\"font-weight: 700;\">不兼容的类变化错误</span>。当正在执行的方法所依赖的类定义发生了不兼容的改变时，抛出该异常。一般在修改了应用中的某些类的声明定义而没有对整个应用重新编译而直接运行的情况下，容易引发该错误。</p><p style=\"margin-top: 0px;\">java.lang.InstantiationError</p><p style=\"margin-top: 0px;\"><span style=\"font-weight: 700;\">实例化错误</span>。当一个应用试图通过Java的new操作符构造一个抽象类或者接口时抛出该异常.</p><p style=\"margin-top: 0px;\">java.lang.InternalError</p><p style=\"margin-top: 0px;\"><span style=\"font-weight: 700;\">内部错误</span>。用于指示Java虚拟机发生了内部错误。</p><p style=\"margin-top: 0px;\">java.lang.LinkageError</p><p style=\"margin-top: 0px;\"><span style=\"font-weight: 700;\">链接错误</span>。该错误及其所有子类指示某个类依赖于另外一些类，在该类编译之后，被依赖的类改变了其类定义而没有重新编译所有的类，进而引发错误的情况。</p><p style=\"margin-top: 0px;\">java.lang.NoClassDefFoundError</p><p style=\"margin-top: 0px;\"><span style=\"font-weight: 700;\">未找到类定义错误</span>。当Java虚拟机或者类装载器试图实例化某个类，而找不到该类的定义时抛出该错误。</p><p style=\"margin-top: 0px;\">java.lang.NoSuchFieldError</p><p style=\"margin-top: 0px;\"><span style=\"font-weight: 700;\">域不存在错误</span>。当应用试图访问或者修改某类的某个域，而该类的定义中没有该域的定义时抛出该错误。</p><p style=\"margin-top: 0px;\">java.lang.NoSuchMethodError</p><p style=\"margin-top: 0px;\"><span style=\"font-weight: 700;\">方法不存在错误</span>。当应用试图调用某类的某个方法，而该类的定义中没有该方法的定义时抛出该错误。</p><p style=\"margin-top: 0px;\">java.lang.OutOfMemoryError</p><p style=\"margin-top: 0px;\"><span style=\"font-weight: 700;\">内存不足错误</span>。当可用内存不足以让Java虚拟机分配给一个对象时抛出该错误。</p><p style=\"margin-top: 0px;\">java.lang.StackOverflowError</p><p style=\"margin-top: 0px;\"><span style=\"font-weight: 700;\">堆栈溢出错误</span>。当一个应用递归调用的层次太深而导致堆栈溢出时抛出该错误。</p><p style=\"margin-top: 0px;\">java.lang.ThreadDeath</p><p style=\"margin-top: 0px;\"><span style=\"font-weight: 700;\">线程结束</span>。当调用Thread类的stop方法时抛出该错误，用于指示线程结束。</p><p style=\"margin-top: 0px;\">java.lang.UnknownError</p><p style=\"margin-top: 0px;\"><span style=\"font-weight: 700;\">未知错误</span>。用于指示Java虚拟机发生了未知严重错误的情况。</p><p style=\"margin-top: 0px;\">java.lang.UnsatisfiedLinkError</p><p style=\"margin-top: 0px;\"><span style=\"font-weight: 700;\">未满足的链接错误</span>。当Java虚拟机未找到某个类的声明为native方法的本机语言定义时抛出。</p><p style=\"margin-top: 0px;\">java.lang.UnsupportedClassVersionError</p><p style=\"margin-top: 0px;\"><span style=\"font-weight: 700;\">不支持的类版本错误</span>。当Java虚拟机试图从读取某个类文件，但是发现该文件的主、次版本号不被当前Java虚拟机支持的时候，抛出该错误。</p><p style=\"margin-top: 0px;\">java.lang.VerifyError</p><p style=\"margin-top: 0px;\"><span style=\"font-weight: 700;\">验证错误</span>。当验证器检测到某个类文件中存在内部不兼容或者安全问题时抛出该错误。</p><p style=\"margin-top: 0px;\">java.lang.VirtualMachineError</p><p style=\"margin-top: 0px;\"><span style=\"font-weight: 700;\">虚拟机错误</span>。用于指示虚拟机被破坏或者继续执行操作所需的资源不足的情况。</p><p style=\"margin-top: 0px;\">java.lang.ArithmeticException</p><p style=\"margin-top: 0px;\"><span style=\"font-weight: 700;\">算术条件异常</span>。譬如：整数除零等。</p><p style=\"margin-top: 0px;\">java.lang.ArrayIndexOutOfBoundsException</p><p style=\"margin-top: 0px;\"><span style=\"font-weight: 700;\">数组索引越界异常</span>。当对数组的索引值为负数或大于等于数组大小时抛出。</p><p style=\"margin-top: 0px;\">java.lang.ArrayStoreException</p><p style=\"margin-top: 0px;\"><span style=\"font-weight: 700;\">数组存储异常</span>。当向数组中存放非数组声明类型对象时抛出。</p><p style=\"margin-top: 0px;\">java.lang.ClassCastException</p><p style=\"margin-top: 0px;\"><span style=\"font-weight: 700;\">类造型异常</span>。假设有类A和B（A不是B的父类或子类），O是A的实例，那么当强制将O构造为类B的实例时抛出该异常。该异常经常被称为强制类型转换异常。</p><p style=\"margin-top: 0px;\">java.lang.ClassNotFoundException</p><p style=\"margin-top: 0px;\"><span style=\"font-weight: 700;\">找不到类异常</span>。当应用试图根据字符串形式的类名构造类，而在遍历CLASSPAH之后找不到对应名称的class文件时，抛出该异常。</p><p style=\"margin-top: 0px;\">java.lang.CloneNotSupportedException</p><p style=\"margin-top: 0px;\"><span style=\"font-weight: 700;\">不支持克隆异常</span>。当没有实现Cloneable接口或者不支持克隆方法时,调用其clone()方法则抛出该异常。</p><p style=\"margin-top: 0px;\">java.lang.EnumConstantNotPresentException</p><p style=\"margin-top: 0px;\"><span style=\"font-weight: 700;\">枚举常量不存在异常</span>。当应用试图通过名称和枚举类型访问一个枚举对象，但该枚举对象并不包含常量时，抛出该异常。</p><p style=\"margin-top: 0px;\">java.lang.Exception</p><p style=\"margin-top: 0px;\"><span style=\"font-weight: 700;\">根异常</span>。用以描述应用程序希望捕获的情况。</p><p style=\"margin-top: 0px;\">java.lang.IllegalAccessException</p><p style=\"margin-top: 0px;\"><span style=\"font-weight: 700;\">违法的访问异常</span>。当应用试图通过反射方式创建某个类的实例、访问该类属性、调用该类方法，而当时又无法访问类的、属性的、方法的或构造方法的定义时抛出该异常。</p><p style=\"margin-top: 0px;\">java.lang.IllegalMonitorStateException</p><p style=\"margin-top: 0px;\"><span style=\"font-weight: 700;\">违法的监控状态异常</span>。当某个线程试图等待一个自己并不拥有的对象（O）的监控器或者通知其他线程等待该对象（O）的监控器时，抛出该异常。</p><p style=\"margin-top: 0px;\">java.lang.IllegalStateException</p><p style=\"margin-top: 0px;\"><span style=\"font-weight: 700;\">违法的状态异常</span>。当在Java环境和应用尚未处于某个方法的合法调用状态，而调用了该方法时，抛出该异常。</p><p style=\"margin-top: 0px;\">java.lang.IllegalThreadStateException</p><p style=\"margin-top: 0px;\"><span style=\"font-weight: 700;\">违法的线程状态异常</span>。当县城尚未处于某个方法的合法调用状态，而调用了该方法时，抛出异常。</p><p style=\"margin-top: 0px;\">java.lang.IndexOutOfBoundsException</p><p style=\"margin-top: 0px;\"><span style=\"font-weight: 700;\">索引越界异常</span>。当访问某个序列的索引值小于0或大于等于序列大小时，抛出该异常。</p><p style=\"margin-top: 0px;\">java.lang.InstantiationException</p><p style=\"margin-top: 0px;\"><span style=\"font-weight: 700;\">实例化异常</span>。当试图通过newInstance()方法创建某个类的实例，而该类是一个抽象类或接口时，抛出该异常。</p><p style=\"margin-top: 0px;\">java.lang.InterruptedException</p><p style=\"margin-top: 0px;\"><span style=\"font-weight: 700;\">被中止异常</span>。当某个线程处于长时间的等待、休眠或其他暂停状态，而此时其他的线程通过Thread的interrupt方法终止该线程时抛出该异常。</p><p style=\"margin-top: 0px;\">java.lang.NegativeArraySizeException</p><p style=\"margin-top: 0px;\"><span style=\"font-weight: 700;\">数组大小为负值异常</span>。当使用负数大小值创建数组时抛出该异常。</p><p style=\"margin-top: 0px;\">java.lang.NoSuchFieldException</p><p style=\"margin-top: 0px;\"><span style=\"font-weight: 700;\">属性不存在异常</span>。当访问某个类的不存在的属性时抛出该异常。</p><p style=\"margin-top: 0px;\">java.lang.NoSuchMethodException</p><p style=\"margin-top: 0px;\"><span style=\"font-weight: 700;\">方法不存在异常</span>。当访问某个类的不存在的方法时抛出该异常。</p><p style=\"margin-top: 0px;\">java.lang.NullPointerException</p><p style=\"margin-top: 0px;\"><span style=\"font-weight: 700;\">空指针异常</span>。当应用试图在要求使用对象的地方使用了null时，抛出该异常。譬如：调用null对象的实例方法、访问null对象的属性、计算null对象的长度、使用throw语句抛出null等等。</p><p style=\"margin-top: 0px;\">java.lang.NumberFormatException</p><p style=\"margin-top: 0px;\"><span style=\"font-weight: 700;\">数字格式异常</span>。当试图将一个String转换为指定的数字类型，而该字符串确不满足数字类型要求的格式时，抛出该异常。</p><p style=\"margin-top: 0px;\">java.lang.RuntimeException</p><p style=\"margin-top: 0px;\"><span style=\"font-weight: 700;\">运行时异常</span>。是所有Java虚拟机正常操作期间可以被抛出的异常的父类。</p><p style=\"margin-top: 0px;\">java.lang.SecurityException</p><p style=\"margin-top: 0px;\"><span style=\"font-weight: 700;\">安全异常</span>。由安全管理器抛出，用于指示违反安全情况的异常。</p><p style=\"margin-top: 0px;\">java.lang.StringIndexOutOfBoundsException</p><p style=\"margin-top: 0px;\"><span style=\"font-weight: 700;\">字符串索引越界异常</span>。当使用索引值访问某个字符串中的字符，而该索引值小于0或大于等于序列大小时，抛出该异常。</p><p style=\"margin-top: 0px;\">java.lang.TypeNotPresentException</p><p style=\"margin-top: 0px;\"><span style=\"font-weight: 700;\">类型不存在异常</span>。当应用试图以某个类型名称的字符串表达方式访问该类型，但是根据给定的名称又找不到该类型是抛出该异常。该异常与ClassNotFoundException的区别在于该异常是unchecked（不被检查）异常，而ClassNotFoundException是checked（被检查）异常。</p><p style=\"margin-top: 0px;\">java.lang.UnsupportedOperationException</p><p style=\"margin-top: 0px;\"><span style=\"font-weight: 700;\">不支持的方法异常</span>。指明请求的方法不被支持情况的异常。</p><p style=\"margin-top: 0px;\">-----------------------------------------------------------------------------------------------------------------</p><p style=\"margin-top: 0px;\"><span style=\"font-weight: 700;\">异常</span></p><p style=\"margin-top: 0px;\">javax.servlet.jsp.JspException: Cannot retrieve mapping for action /Login （/Login是你的action名字）</p><p style=\"margin-top: 0px;\"><span style=\"font-weight: 700;\">可能原因</span></p><p style=\"margin-top: 0px;\">action没有再struts-config.xml 中定义，或没有找到匹配的action，例如在JSP文件中使用 &lt;html:form action=\"Login.do\".将表单提交给Login.do处理，</p><p style=\"margin-top: 0px;\">如果出现上述异常，请查看struts-config.xml中的定义部分，有时可能是打错了字符或者是某些不符合规则，可以使用strutsconsole工具来检查。</p><p style=\"margin-top: 0px;\">-----------------------------------------------------------------------------------------------------------------</p><p style=\"margin-top: 0px;\"><span style=\"font-weight: 700;\">异常</span></p><p style=\"margin-top: 0px;\">org.apache.jasper.JasperException: Cannot retrieve definition for form bean null</p><p style=\"margin-top: 0px;\"><span style=\"font-weight: 700;\">可能原因&nbsp;</span></p><p style=\"margin-top: 0px;\">这个异常是因为Struts根据struts-config.xml中的mapping没有找到action期望的form bean。大部分的情况可能是因为在form-bean中设置的name属性和action中设置的name属性不匹配所致。换句话说，action和form都应该各自有一个name属性，并且要精确匹配，包括大小写。这个错误当没有name属性和action关联时也会发生，如果没有在action中指定name属性，那么就没有name属性和action相关联。当然当action制作某些控制时，譬如根据参数值跳转到相应的jsp页面，而不是处理表单数据，这是就不用name属性，这也是action的使用方法之一。</p><p style=\"margin-top: 0px;\">-----------------------------------------------------------------------------------------------------------------</p><p style=\"margin-top: 0px;\"><span style=\"font-weight: 700;\">异常</span></p><p style=\"margin-top: 0px;\">No action instance for path /xxxx could be created</p><p style=\"margin-top: 0px;\"><span style=\"font-weight: 700;\">可能原因</span></p><p style=\"margin-top: 0px;\">特别提示：因为有很多中情况会导致这个错误的发生，所以推荐大家调高你的web服务器的日志/调试级别，这样可以从更多的信息中看到潜在的、在试图创建action类时发生的错误，这个action类你已经在struts-config.xml中设置了关联（即添加了&lt;action&gt;标签）。</p><p style=\"margin-top: 0px;\">在struts-config.xml中通过action标签的class属性指定的action类不能被找到有很多种原因，例如：定位编译后的.class文件失败。Failure to place compiled .class file for the action in the classpath (在web开发中，class的的位置在r WEB-INF/classes，所以你的action class必须要在这个目录下。例如你的action类位于WEB-INF/classes/action/Login.class,那么在struts-config.xml中设置action的属性type时就是action.Login).拼写错误，这个也时有发生，并且不易找到，特别注意第一个字母的大小写和包的名称。&nbsp;</p><p style=\"margin-top: 0px;\">-----------------------------------------------------------------------------------------------------------------</p><p style=\"margin-top: 0px;\"><span style=\"font-weight: 700;\">异常</span></p><p style=\"margin-top: 0px;\">javax.servlet.jsp.JspException: No getter method for property username of bean org.apache.struts.taglib.html.BEAN</p><p style=\"margin-top: 0px;\"><span style=\"font-weight: 700;\">可能原因</span></p><p style=\"margin-top: 0px;\">没有位form bean中的某个变量定义getter 方法</p><p style=\"margin-top: 0px;\">这个错误主要发生在表单提交的FormBean中，用struts标记&lt;html:text property=”username”&gt;时，在FormBean中必须有一个getUsername()方法。注意字母“U”。</p><p style=\"margin-top: 0px;\">-----------------------------------------------------------------------------------------------------------------</p><p style=\"margin-top: 0px;\"><span style=\"font-weight: 700;\">异常</span></p><p style=\"margin-top: 0px;\">java.lang.NoClassDefFoundError: org/apache/struts/action/ActionForm</p><p style=\"margin-top: 0px;\"><span style=\"font-weight: 700;\">可能原因</span></p><p style=\"margin-top: 0px;\">这个错误主要发生在在classpath中找不到相应的Java .class文件。如果这个错误发生在web应用程序的运行时，主要是因为指定的class文件不在web server的classpath中（/WEB-INF/classes 和 /WEB-INF/lib）。在上面的错误中，原因是找不到ActionForm类。</p><p style=\"margin-top: 0px;\">-----------------------------------------------------------------------------------------------------------------</p><p style=\"margin-top: 0px;\"><span style=\"font-weight: 700;\">异常</span></p><p style=\"margin-top: 0px;\">javax.servlet.jsp.JspException: Exception creating bean of class org.apache.struts.action.ActionForm: {1}</p><p style=\"margin-top: 0px;\"><span style=\"font-weight: 700;\">可能原因</span></p><p style=\"margin-top: 0px;\">Instantiating Struts-provided ActionForm class directly instead of instantiating a class derived off ActionForm. This mightoccur implicitly if you specify that a form-bean is this Struts ActionForm class rather than specifying a child of this classfor the form-bean.</p><p style=\"margin-top: 0px;\">Not associating an ActionForm-descended class with an action can also lead to this error.</p><p style=\"margin-top: 0px;\">-----------------------------------------------------------------------------------------------------------------</p><p style=\"margin-top: 0px;\"><span style=\"font-weight: 700;\">异常</span></p><p style=\"margin-top: 0px;\">javax.servlet.jsp.JspException: Cannot find ActionMappings or ActionFormBeans collection</p><p style=\"margin-top: 0px;\"><span style=\"font-weight: 700;\">可能原因</span></p><p style=\"margin-top: 0px;\">不是标识Struts actionServlet的&lt;servlet&gt;标记就是映射.do扩展名的&lt;sevlet-mapping&gt;标记或者两者都没有在web.xml中声明。</p><p style=\"margin-top: 0px;\">在struts-config.xml中的打字或者拼写错误也可导致这个异常的发生。例如缺少一个标记的关闭符号/&gt;。最好使用struts console工具检查一下。</p><p style=\"margin-top: 0px;\">另外，load-on-startup必须在web.xml中声明，这要么是一个空标记，要么指定一个数值，这个数值用来表servlet运行的优先级，数值越大优先级越低。</p><p style=\"margin-top: 0px;\">还有一个和使用load-on-startup有关的是使用Struts预编译JSP文件时也可能导致这个异常。</p><p style=\"margin-top: 0px;\">-----------------------------------------------------------------------------------------------------------------</p><p style=\"margin-top: 0px;\"><span style=\"font-weight: 700;\">异常</span></p><p style=\"margin-top: 0px;\">java.lang.NullPointerException at org.apache.struts.util.RequestUtils.forwardURL(RequestUtils.java:1223)</p><p style=\"margin-top: 0px;\"><span style=\"font-weight: 700;\">可能原因</span></p><p style=\"margin-top: 0px;\">在struts-config.xml中的forward元素缺少path属性。例如应该是如下形式：&lt;forward name=\"userhome\" path=\"/user/userhome.jsp\"/&gt;</p><p style=\"margin-top: 0px;\">-----------------------------------------------------------------------------------------------------------------</p><p style=\"margin-top: 0px;\"><span style=\"font-weight: 700;\">异常</span></p><p style=\"margin-top: 0px;\">javax.servlet.jsp.JspException: Cannot find bean org.apache.struts.taglib.html.BEAN in any scope</p><p style=\"margin-top: 0px;\">Probable Causes试图在Struts的form标记外使用form的子元素。这常常发生在你在&lt;/html:form&gt;后面使用Struts的html标记。另外要注意可能你不经意使用的无主体的标记，如&lt;html:form … /&gt;，这样web 服务器解析时就当作一个无主体的标记，随后使用的所有&lt;html&gt;标记都被认为是在这个标记之外的，如又使用了&lt;html:text property=”id”&gt;还有就是在使用taglib引入HTML标记库时，你使用的prefix的值不是html。</p><p style=\"margin-top: 0px;\">-----------------------------------------------------------------------------------------------------------------</p><p style=\"margin-top: 0px;\"><span style=\"font-weight: 700;\">异常</span></p><p style=\"margin-top: 0px;\">javax.servlet.jsp.JspException: Missing message for key xx.xx.xx</p><p style=\"margin-top: 0px;\">Probable Causes这个key的值对没有在资源文件ApplicationResources.properties中定义。如果你使用eclipse时经常碰到这样的情况，当项目重新编译时，eclipse会自动将classes目录下的资源文件删除。</p><p style=\"margin-top: 0px;\">资源文件ApplicationResources.properties 不在classpath中应将资源文件放到 WEB-INF/classes 目录下，当然要在struts-config.xml中定义)</p><p style=\"margin-top: 0px;\">-----------------------------------------------------------------------------------------------------------------</p><p style=\"margin-top: 0px;\"><span style=\"font-weight: 700;\">异常</span></p><p style=\"margin-top: 0px;\">Cannot find message resources under key org.apache.struts.action.MESSAGE</p><p style=\"margin-top: 0px;\"><span style=\"font-weight: 700;\">可能原因</span></p><p style=\"margin-top: 0px;\">很显然，这个错误是发生在使用资源文件时，而Struts没有找到资源文件。</p><p style=\"margin-top: 0px;\">Implicitly trying to use message resources that are not available (such as using empty html:options tag instead of specifyingthe options in its body -- this assumes options are specified in ApplicationResources.properties file)</p><p style=\"margin-top: 0px;\">XML parser issues -- too many, too few, incorrect/incompatible versions</p><p style=\"margin-top: 0px;\">-----------------------------------------------------------------------------------------------------------------</p><p style=\"margin-top: 0px;\"><span style=\"font-weight: 700;\">异常</span></p><p style=\"margin-top: 0px;\">Strange and seemingly random characters in HTML and on screen, but not in original JSP or servlet.</p><p style=\"margin-top: 0px;\"><span style=\"font-weight: 700;\">可能原因</span></p><p style=\"margin-top: 0px;\">混和使用Struts的html:form标记和标准的HTML标记不正确。</p><p style=\"margin-top: 0px;\">使用的编码样式在本页中不支持。</p><p style=\"margin-top: 0px;\">-----------------------------------------------------------------------------------------------------------------</p><p style=\"margin-top: 0px;\"><span style=\"font-weight: 700;\">异常</span></p><p style=\"margin-top: 0px;\">\"Document contained no data\" in Netscape No data rendered (completely empty) page in Microsoft Internet Explorer</p><p style=\"margin-top: 0px;\"><span style=\"font-weight: 700;\">可能原因</span></p><p style=\"margin-top: 0px;\">使用一个Action的派生类而没有实现perform()方法或execute()方法。在Struts1.0中实现的是perform()方法，在Struts1.1中实现的是execute()方法，但Struts1.1向后兼容perform()方法。但你使用Struts1.1创建一个Action的派生类，并且实现了execute()方法，而你在Struts1.0中运行的话，就会得到\"Document contained nodata\" error message in Netscape or a completely empty (no HTML whatsoever) page rendered in Microsoft Internet Explorer.”的错误信息。</p><p style=\"margin-top: 0px;\">---------------------------------------------------------------------------------------------------------------------------</p><p style=\"margin-top: 0px;\"><span style=\"font-weight: 700;\">异常</span></p><p style=\"margin-top: 0px;\">ServletException: BeanUtils.populate</p><p style=\"margin-top: 0px;\"><span style=\"font-weight: 700;\">解决方案</span></p><p style=\"margin-top: 0px;\">在用Struts上传文件时,遇到了javax.servlet.ServletException: BeanUtils.populate异常。我的ActionServlet并没有用到BeanUtils这些工具类。后来仔细检查代码发现是在jsp文件里的form忘了加enctype=\"multipart/form-data\" 了。所以写程序遇到错误或异常应该从多方面考虑问题存在的可能性，想到系统提示信息以外的东西。</p><p style=\"margin-top: 0px;\">----------------------------------------------------------------------------------------------------------------------------</p><p style=\"margin-top: 0px;\">1. 定义Action后, 如果指定了name, 那么必须要定义一个与它同名的FormBean才能进行form映射.</p><p style=\"margin-top: 0px;\">2. 如果定义Action后, 提交页面时出现 \"No input attribute for mapping path...\" 错误, 则需要在其input属性中定义转向的页面.</p><p style=\"margin-top: 0px;\">3. 如果插入新的数据时出现 \"Batch update row count wrong:...\" 错误, 则说明XXX.hbm.xml中指定的key的类型为原始类型(int, long),因为这种类型会自动分配值, 而这个值往往会让系统认为已经存在该记录, 正确的方法是使用java.lang.Integer或java.lang.Long对象.</p><p style=\"margin-top: 0px;\">4. 如果插入数据时出现 \"argument type mismatch\" 错误, 可能是你使用了Date等特殊对象, 因为struts不能自动从String型转换成Date型,所以, 你需要在Action中手动把String型转换成Date型.</p><p style=\"margin-top: 0px;\">5. Hibernate中, Query的iterator()比list()方法快很多.</p><p style=\"margin-top: 0px;\">6. 如果出现 \"equal symbol expected\" 错误, 说明你的strtus标签中包含另一个标签或者变量, 例如:</p><p style=\"margin-top: 0px;\">&lt;html:select property=\"test\" onchange=\"&lt;%=test%&gt;\"/&gt;</p><p style=\"margin-top: 0px;\">或者</p><p style=\"margin-top: 0px;\">&lt;html:hidden property=\"test\" value=\"&lt;bean:write name=\"t\" property=\"p\"/&gt;\"/&gt;这样的情况...&nbsp;</p><p style=\"margin-top: 0px;\">---------------------------------------------------------------------------------------------------------------------------</p><p style=\"margin-top: 0px;\"><span style=\"font-weight: 700;\">错误</span>：Exception in thread \"main\" org.hibernate.exception.SQLGrammarException: Could not execute JDBC batch update</p><p style=\"margin-top: 0px;\"><span style=\"font-weight: 700;\">原因与解决</span>： 因为Hibernate Tools（或者Eclipse本身的Database Explorer）生成*.hbn.xml工具中包含有catalog=\"***\"（*表示数据库名称）这样的属性,将该属性删除就可以了</p><p style=\"margin-top: 0px;\">---------------------------------------------------------------------------------------------------------------------------</p><p style=\"margin-top: 0px;\"><span style=\"font-weight: 700;\">错误：</span></p><p style=\"margin-top: 0px;\">org.hibernate.ObjectDeletedException: deleted object would be re-saved by cascade (remove deleted object from associations)</p><p style=\"margin-top: 0px;\"><span style=\"font-weight: 700;\">原因与解决：</span></p><p style=\"margin-top: 0px;\">方法1 删除Set方的cascade</p><p style=\"margin-top: 0px;\">方法2 解决关联关系后，再删除</p><p style=\"margin-top: 0px;\">方法3 在many-to-one方增加cascade 但值不能是none</p><p style=\"margin-top: 0px;\"><span style=\"font-weight: 700;\">最后一招：</span></p><p style=\"margin-top: 0px;\">检查一下hashCode equals是否使用了id作为唯一标示的选项了；我用uuid.hex时是没有问题的；但是用了native，就不行了，怎么办？删除啊！</p><p style=\"margin-top: 0px;\">----------------------------------------------------------------------------------------------------------------------------</p><p style=\"margin-top: 0px;\"><span style=\"font-weight: 700;\">问题：</span></p><p style=\"margin-top: 0px;\">今天用Tomcat 5.5.12，发现原来很好用的系统不能用了，反复测试发现页面中不能包含 taglib，否则会出现以下提示：HTTP Status 500 -type Exception reportMessage description The server encountered an internal error () that prevented it from fulfilling this request.exceptionorg.apache.jasper.JasperException: /index.jsp(1,1) Unable to read TLD \"META-INF/tlds/struts-bean.tld\" from JAR file\"file:*****/WEB-INF/lib/struts.jar\":原因：更新了工程用的lib文件夹下的jar，发布时也发布了servlet.jar和jsp-api.jar。</p><p style=\"margin-top: 0px;\"><span style=\"font-weight: 700;\">解决：</span>把jsp-api.jar删除就解决这个问题了。</p><p style=\"margin-top: 0px;\">-----------------------------------------------------------------------------------------------------------------------------</p><p style=\"margin-top: 0px;\"><span style=\"font-weight: 700;\">错误： j</span>ava.lang.NullPointerException</p><p style=\"margin-top: 0px;\"><span style=\"font-weight: 700;\">原因：&nbsp;</span>发现 dao 实例、 manage 实例等需要注入的东西没有被注入（俗称空指针异常）</p><p style=\"margin-top: 0px;\"><span style=\"font-weight: 700;\">解决：</span>这个时候，你应该查看日志文件；默认是应用服务器的 log 文件，比如 Tomcat 就是 [Tomcat 安装目录 ]/logs ；你会发现提示你：可能是：org.springframework.beans.factory.BeanCreationException: Error creating bean with name \'sf\' defined in ServletContextresource [/WEB-INF/applicationContext.xml]: Initialization of bean failed; nested exception isorg.hibernate.HibernateException: could not configure from URL: file:src/hibernate.cfg.xmlorg.hibernate.HibernateException: could not configure from URL: file:src/hibernate.cfg.xml……………………….Caused by: java.io.FileNotFoundException: src\\hibernate.cfg.xml可能是：org.springframework.beans.factory.BeanCreationException: Error creating bean with name \'sessionFactory\' defined inServletContext resource [/WEB-INF/applicationContext.xml]: Initialization of bean failed; nested exception isorg.hibernate.MappingException: Resource: com/mcc/coupon/model/UserRole.hbm.xml not foundorg.hibernate.MappingException: Resource: com/mcc/coupon/model/UserRole.hbm.xml not found然后你就知道原因是因为配置文件的解析出了错误，这个通过 Web 页面是看不出来的。更多的是持久化影射文件出的错误；导致了没有被解析；当然你需要的功能就无法使用了。</p><p style=\"margin-top: 0px;\">----------------------------------------------------------------------------------------------------------------------------</p><p style=\"margin-top: 0px;\"><span style=\"font-weight: 700;\">错误：</span>StandardWrapperValve[action]: Servlet.service() for servlet action threw exceptionjavax.servlet.jsp.JspException: Cannot retrieve mapping for action /settlementTypeManage</p><p style=\"margin-top: 0px;\">或者： type Status report message Servlet action is not available description The requested resource (Servlet action is not available) is not available.</p><p style=\"margin-top: 0px;\"><span style=\"font-weight: 700;\">原因：</span>&nbsp;同 上</p><p style=\"margin-top: 0px;\">----------------------------------------------------------------------------------------------------------------------------</p><p style=\"margin-top: 0px;\"><span style=\"font-weight: 700;\">错误</span></p><p style=\"margin-top: 0px;\">StandardWrapperValve[jsp]: Servlet.service() for servlet jsp threw exceptionjava.lang.ClassNotFoundException: org.apache.struts.taglib.bean.CookieTei</p><p style=\"margin-top: 0px;\"><span style=\"font-weight: 700;\">界面错误具体描述：</span></p><p style=\"margin-top: 0px;\">org.apache.jasper.JasperException: Failed to load or instantiate TagExtraInfo class: org.apache.struts.taglib.bean.CookieTei</p><p style=\"margin-top: 0px;\"><span style=\"font-weight: 700;\">原因与解决：&nbsp;</span></p><p style=\"margin-top: 0px;\">&lt;方案一&gt;你的“html:”开头的标签没有放在一个&lt;html:form&gt;中&nbsp;</p><p style=\"margin-top: 0px;\">&lt;方案二&gt;重新启动你的应用服务器，自动就没有这个问题</p><p style=\"margin-top: 0px;\">原文链接：<a href=\"http://www.cnblogs.com/cvst/p/5822373.html\" target=\"_blank\" style=\"background-color: rgb(255, 255, 255); color: rgb(0, 154, 97); cursor: pointer;\">Java 常见异常种类</a></p><p style=\"margin-top: 0px;\"><br style=\"color: rgb(102, 102, 102); font-family: -apple-system, &quot;Helvetica Neue&quot;, Helvetica, Arial, &quot;PingFang SC&quot;, &quot;Hiragino Sans GB&quot;, &quot;WenQuanYi Micro Hei&quot;, &quot;Microsoft Yahei&quot;, sans-serif; font-size: 14px;\"></p>', NULL, 0, 2, 1, 0, 1, 'java常见异常信息', 'java，异常', 1, '2019-07-28 11:06:48', '2019-11-17 11:06:48');
INSERT INTO `biz_article` VALUES (4, 'SpringBoot项目实战：Filter、Listener', 1, '', NULL, 0, '<h1 style=\"margin-top: 20px; font-size: 22px; font-family: &quot;Microsoft YaHei&quot;; font-weight: 700; line-height: 1.1; color: rgb(102, 102, 102);\">前言</h1><blockquote style=\"padding: 10px 20px; margin-top: 0px; margin-bottom: 0px; font-size: 14px; border-left-width: 5px; border-left-color: rgb(238, 238, 238); background-color: rgb(254, 254, 254); color: rgb(102, 102, 102); font-family: -apple-system, &quot;Helvetica Neue&quot;, Helvetica, Arial, &quot;PingFang SC&quot;, &quot;Hiragino Sans GB&quot;, &quot;WenQuanYi Micro Hei&quot;, &quot;Microsoft Yahei&quot;, sans-serif;\"><p style=\"margin-top: 0px;\">过#滤#器(Filter)是实现了javax.servlet.Filter接口的服务器端程序，主要的用途是过滤字符编码、做一些业务逻辑判断等。它是随web应用启动而启动的，只初始化一次，在web应用停止的时候才被销毁。</p></blockquote><blockquote style=\"padding: 10px 20px; margin-top: 0px; margin-bottom: 0px; font-size: 14px; border-left-width: 5px; border-left-color: rgb(238, 238, 238); background-color: rgb(254, 254, 254); color: rgb(102, 102, 102); font-family: -apple-system, &quot;Helvetica Neue&quot;, Helvetica, Arial, &quot;PingFang SC&quot;, &quot;Hiragino Sans GB&quot;, &quot;WenQuanYi Micro Hei&quot;, &quot;Microsoft Yahei&quot;, sans-serif;\"><p style=\"margin-top: 0px;\">监#听#器(Listener)是实现了javax.servlet.ServletContextListener 接口的服务器端程序，它也是随web应用的启动而启动，只初始化一次，随web应用的停止而销毁。主要作用是： 做一些初始化的内容设置一些基本的内容，比如一些参数或者是一些固定的对象等。</p></blockquote><p style=\"margin-top: 0px; color: rgb(102, 102, 102); font-family: -apple-system, &quot;Helvetica Neue&quot;, Helvetica, Arial, &quot;PingFang SC&quot;, &quot;Hiragino Sans GB&quot;, &quot;WenQuanYi Micro Hei&quot;, &quot;Microsoft Yahei&quot;, sans-serif; font-size: 14px;\">&nbsp;springboot中使用过#滤#器(Filter)和监#听#器(Listener)有两种方式</p><p style=\"margin-top: 0px; color: rgb(102, 102, 102); font-family: -apple-system, &quot;Helvetica Neue&quot;, Helvetica, Arial, &quot;PingFang SC&quot;, &quot;Hiragino Sans GB&quot;, &quot;WenQuanYi Micro Hei&quot;, &quot;Microsoft Yahei&quot;, sans-serif; font-size: 14px;\">&nbsp;第一种：代码注册（<span style=\"background-color: rgb(248, 248, 248); color: rgb(51, 51, 51); font-family: Menlo, Monaco, Consolas, &quot;Courier New&quot;, monospace; font-size: inherit; white-space: pre-wrap;\">FilterRegistrationBean</span>&nbsp;和&nbsp;<span style=\"background-color: rgb(248, 248, 248); color: rgb(51, 51, 51); font-family: Menlo, Monaco, Consolas, &quot;Courier New&quot;, monospace; font-size: inherit; white-space: pre-wrap;\">ServletListenerRegistrationBean</span>）&nbsp; &nbsp;</p><p style=\"margin-top: 0px; color: rgb(102, 102, 102); font-family: -apple-system, &quot;Helvetica Neue&quot;, Helvetica, Arial, &quot;PingFang SC&quot;, &quot;Hiragino Sans GB&quot;, &quot;WenQuanYi Micro Hei&quot;, &quot;Microsoft Yahei&quot;, sans-serif; font-size: 14px;\">&nbsp;第二种：注解实现（<span style=\"background-color: rgb(248, 248, 248); color: rgb(51, 51, 51); font-family: Menlo, Monaco, Consolas, &quot;Courier New&quot;, monospace; font-size: inherit; white-space: pre-wrap;\">SpringBootApplication</span>&nbsp;上使用<span style=\"background-color: rgb(248, 248, 248); color: rgb(51, 51, 51); font-family: Menlo, Monaco, Consolas, &quot;Courier New&quot;, monospace; font-size: inherit; white-space: pre-wrap;\">@ServletComponentScan</span>&nbsp;，<span style=\"background-color: rgb(248, 248, 248); color: rgb(51, 51, 51); font-family: Menlo, Monaco, Consolas, &quot;Courier New&quot;, monospace; font-size: inherit; white-space: pre-wrap;\">Filter、Listener</span>&nbsp;可以直接通过&nbsp;<span style=\"background-color: rgb(248, 248, 248); color: rgb(51, 51, 51); font-family: Menlo, Monaco, Consolas, &quot;Courier New&quot;, monospace; font-size: inherit; white-space: pre-wrap;\">@WebFilter、@WebListener </span>注解自动注册。）</p><h1 style=\"margin-top: 20px; font-size: 22px; font-family: &quot;Microsoft YaHei&quot;; font-weight: 700; line-height: 1.1; color: rgb(102, 102, 102);\">本文为了记录什么？</h1><p style=\"margin-top: 0px; color: rgb(102, 102, 102); font-family: -apple-system, &quot;Helvetica Neue&quot;, Helvetica, Arial, &quot;PingFang SC&quot;, &quot;Hiragino Sans GB&quot;, &quot;WenQuanYi Micro Hei&quot;, &quot;Microsoft Yahei&quot;, sans-serif; font-size: 14px;\">一：通过两种方式进行使用过滤器和监听器</p><p style=\"margin-top: 0px; color: rgb(102, 102, 102); font-family: -apple-system, &quot;Helvetica Neue&quot;, Helvetica, Arial, &quot;PingFang SC&quot;, &quot;Hiragino Sans GB&quot;, &quot;WenQuanYi Micro Hei&quot;, &quot;Microsoft Yahei&quot;, sans-serif; font-size: 14px;\">二：了解过滤器的过滤规则和过滤优先级</p><h1 style=\"margin-top: 20px; font-size: 22px; font-family: &quot;Microsoft YaHei&quot;; font-weight: 700; line-height: 1.1; color: rgb(102, 102, 102);\">文中涉及的类(基本)以及作用</h1><p style=\"margin-top: 0px; color: rgb(102, 102, 102); font-family: -apple-system, &quot;Helvetica Neue&quot;, Helvetica, Arial, &quot;PingFang SC&quot;, &quot;Hiragino Sans GB&quot;, &quot;WenQuanYi Micro Hei&quot;, &quot;Microsoft Yahei&quot;, sans-serif; font-size: 14px;\">一：&nbsp;WebAppFilter过滤&nbsp;filter1和&nbsp;filter2请求</p><p style=\"margin-top: 0px; color: rgb(102, 102, 102); font-family: -apple-system, &quot;Helvetica Neue&quot;, Helvetica, Arial, &quot;PingFang SC&quot;, &quot;Hiragino Sans GB&quot;, &quot;WenQuanYi Micro Hei&quot;, &quot;Microsoft Yahei&quot;, sans-serif; font-size: 14px;\">二：&nbsp;WebAppForIndexFilter过滤&nbsp;index请求</p><p style=\"margin-top: 0px; color: rgb(102, 102, 102); font-family: -apple-system, &quot;Helvetica Neue&quot;, Helvetica, Arial, &quot;PingFang SC&quot;, &quot;Hiragino Sans GB&quot;, &quot;WenQuanYi Micro Hei&quot;, &quot;Microsoft Yahei&quot;, sans-serif; font-size: 14px;\">三：ServletController基本控制类，类中index&nbsp;、filter1、filter2三种请求，命名空间为\"/servlet\"</p><p style=\"margin-top: 0px; color: rgb(102, 102, 102); font-family: -apple-system, &quot;Helvetica Neue&quot;, Helvetica, Arial, &quot;PingFang SC&quot;, &quot;Hiragino Sans GB&quot;, &quot;WenQuanYi Micro Hei&quot;, &quot;Microsoft Yahei&quot;, sans-serif; font-size: 14px;\">四：WebAppListener监听器</p><h1 style=\"margin-top: 20px; font-size: 22px; font-family: &quot;Microsoft YaHei&quot;; font-weight: 700; line-height: 1.1; color: rgb(102, 102, 102);\">基本代码</h1><p style=\"margin-top: 0px; color: rgb(102, 102, 102); font-family: -apple-system, &quot;Helvetica Neue&quot;, Helvetica, Arial, &quot;PingFang SC&quot;, &quot;Hiragino Sans GB&quot;, &quot;WenQuanYi Micro Hei&quot;, &quot;Microsoft Yahei&quot;, sans-serif; font-size: 14px;\">&nbsp; &nbsp;&nbsp;<span style=\"font-weight: 700;\">WebAppFilter&nbsp;类</span></p><pre style=\"overflow-y: scroll; font-size: 14px; padding: 8px; line-height: 1.42857; background-color: rgb(248, 248, 248); border-width: 0px; border-radius: 0px; max-height: 340px; max-width: 100%;\"><code codemark=\"1\" style=\"padding: 0.5em; color: rgb(51, 51, 51); background: rgb(248, 248, 248); border-radius: 0px; overflow-x: auto;\"><span style=\"font-weight: bold;\">package</span> com.zyd.servlet.config.filter;\n<span style=\"font-weight: bold;\">import</span> java.io.IOException;\n<span style=\"font-weight: bold;\">import</span> java.util.Date;\n<span style=\"font-weight: bold;\">import</span> javax.servlet.Filter;\n<span style=\"font-weight: bold;\">import</span> javax.servlet.FilterChain;\n<span style=\"font-weight: bold;\">import</span> javax.servlet.FilterConfig;\n<span style=\"font-weight: bold;\">import</span> javax.servlet.ServletException;\n<span style=\"font-weight: bold;\">import</span> javax.servlet.ServletRequest;\n<span style=\"font-weight: bold;\">import</span> javax.servlet.ServletResponse;\n<span style=\"font-weight: bold;\">import</span> javax.servlet.http.HttpServletRequest;\n<span style=\"font-weight: bold;\">import</span> javax.servlet.http.HttpServletResponse;\n<span style=\"font-weight: bold;\">import</span> org.slf4j.Logger;\n<span style=\"font-weight: bold;\">import</span> org.slf4j.LoggerFactory;\n\n<span style=\"color: rgb(153, 153, 136); font-style: italic;\">/**\n * <span style=\"color: rgb(221, 17, 68);\">@Description</span> \n * <span style=\"color: rgb(221, 17, 68);\">@author</span> zhangyd\n * <span style=\"color: rgb(221, 17, 68);\">@date</span> 2017年4月7日 下午4:37:11 \n * <span style=\"color: rgb(221, 17, 68);\">@version</span> V1.0\n * <span style=\"color: rgb(221, 17, 68);\">@since</span> JDK ： 1.7\n * <span style=\"color: rgb(221, 17, 68);\">@modify</span>                 \n * <span style=\"color: rgb(221, 17, 68);\">@Review</span>\n */</span>\n<span style=\"font-weight: bold;\">public</span> <span style=\"font-weight: bold;\">class</span> <span style=\"color: rgb(68, 85, 136); font-weight: bold;\">WebAppFilter</span> <span style=\"font-weight: bold;\">implements</span> <span style=\"color: rgb(68, 85, 136); font-weight: bold;\">Filter</span> {\n	<span style=\"font-weight: bold;\">private</span> <span style=\"font-weight: bold;\">static</span> <span style=\"font-weight: bold;\">final</span> Logger LOGGER = LoggerFactory.getLogger(WebAppFilter.class);\n	<span style=\"color: rgb(153, 153, 153); font-weight: bold;\">@Override</span>\n	<span style=\"font-weight: bold;\">public</span> <span style=\"font-weight: bold;\">void</span> <span style=\"color: rgb(153, 0, 0); font-weight: bold;\">destroy</span>() {\n		LOGGER.info(<span style=\"color: rgb(221, 17, 68);\">\"WebAppFilter - 过滤器已销毁...\"</span>);\n	}\n	<span style=\"color: rgb(153, 153, 153); font-weight: bold;\">@Override</span>\n	<span style=\"font-weight: bold;\">public</span> <span style=\"font-weight: bold;\">void</span> <span style=\"color: rgb(153, 0, 0); font-weight: bold;\">doFilter</span>(ServletRequest arg0, ServletResponse arg1, FilterChain arg2)\n			<span style=\"font-weight: bold;\">throws</span> IOException, ServletException {\n		HttpServletRequest request = (HttpServletRequest) arg0;\n		\n        LOGGER.info(<span style=\"color: rgb(221, 17, 68);\">\"WebAppFilter - Request URL: {}\"</span>, request.getRequestURL().toString());\n        LOGGER.info(<span style=\"color: rgb(221, 17, 68);\">\"WebAppFilter - Request port：{}\"</span>, request.getServerPort());\n        LOGGER.info(<span style=\"color: rgb(221, 17, 68);\">\"WebAppFilter - Request Method: {}\"</span>, request.getMethod());\n        \n		HttpServletResponse response = (HttpServletResponse) arg1;\n		response.setHeader(<span style=\"color: rgb(221, 17, 68);\">\"Current-Path\"</span>, request.getServletPath());\n		response.setHeader(<span style=\"color: rgb(221, 17, 68);\">\"My-Name\"</span>, <span style=\"color: rgb(221, 17, 68);\">\"MeiNanzi\"</span>);\n		arg2.doFilter(arg0, arg1);\n	}\n	<span style=\"color: rgb(153, 153, 153); font-weight: bold;\">@Override</span>\n	<span style=\"font-weight: bold;\">public</span> <span style=\"font-weight: bold;\">void</span> <span style=\"color: rgb(153, 0, 0); font-weight: bold;\">init</span>(FilterConfig arg0) <span style=\"font-weight: bold;\">throws</span> ServletException {\n		LOGGER.info(<span style=\"color: rgb(221, 17, 68);\">\"WebAppFilter - {}初始化过滤器...\"</span>, <span style=\"font-weight: bold;\">new</span> Date());\n	}\n}</code></pre><p style=\"margin-top: 0px; color: rgb(102, 102, 102); font-family: -apple-system, &quot;Helvetica Neue&quot;, Helvetica, Arial, &quot;PingFang SC&quot;, &quot;Hiragino Sans GB&quot;, &quot;WenQuanYi Micro Hei&quot;, &quot;Microsoft Yahei&quot;, sans-serif; font-size: 14px;\">&nbsp; &nbsp;&nbsp;<span style=\"font-weight: 700;\">WebAppForIndexFilter类</span><br></p><pre style=\"overflow-y: scroll; font-size: 14px; padding: 8px; line-height: 1.42857; background-color: rgb(248, 248, 248); border-width: 0px; border-radius: 0px; max-height: 340px; max-width: 100%;\"><code codemark=\"1\" style=\"padding: 0.5em; color: rgb(51, 51, 51); background: rgb(248, 248, 248); border-radius: 0px; overflow-x: auto;\"><span style=\"font-weight: bold;\">package</span> com.zyd.servlet.config.filter;\n<span style=\"font-weight: bold;\">import</span> java.io.IOException;\n<span style=\"font-weight: bold;\">import</span> java.util.Date;\n<span style=\"font-weight: bold;\">import</span> javax.servlet.Filter;\n<span style=\"font-weight: bold;\">import</span> javax.servlet.FilterChain;\n<span style=\"font-weight: bold;\">import</span> javax.servlet.FilterConfig;\n<span style=\"font-weight: bold;\">import</span> javax.servlet.ServletException;\n<span style=\"font-weight: bold;\">import</span> javax.servlet.ServletRequest;\n<span style=\"font-weight: bold;\">import</span> javax.servlet.ServletResponse;\n<span style=\"font-weight: bold;\">import</span> javax.servlet.http.HttpServletRequest;\n<span style=\"font-weight: bold;\">import</span> javax.servlet.http.HttpServletResponse;\n<span style=\"font-weight: bold;\">import</span> org.slf4j.Logger;\n<span style=\"font-weight: bold;\">import</span> org.slf4j.LoggerFactory;\n\n<span style=\"color: rgb(153, 153, 136); font-style: italic;\">/**\n * <span style=\"color: rgb(221, 17, 68);\">@Description</span> \n * <span style=\"color: rgb(221, 17, 68);\">@author</span> zhangyd\n * <span style=\"color: rgb(221, 17, 68);\">@date</span> 2017年4月7日 下午4:37:11 \n * <span style=\"color: rgb(221, 17, 68);\">@version</span> V1.0\n * <span style=\"color: rgb(221, 17, 68);\">@since</span> JDK ： 1.7\n * <span style=\"color: rgb(221, 17, 68);\">@modify</span>                 \n * <span style=\"color: rgb(221, 17, 68);\">@Review</span>\n */</span>\n<span style=\"font-weight: bold;\">public</span> <span style=\"font-weight: bold;\">class</span> <span style=\"color: rgb(68, 85, 136); font-weight: bold;\">WebAppForIndexFilter</span> <span style=\"font-weight: bold;\">implements</span> <span style=\"color: rgb(68, 85, 136); font-weight: bold;\">Filter</span> {\n	<span style=\"font-weight: bold;\">private</span> <span style=\"font-weight: bold;\">static</span> <span style=\"font-weight: bold;\">final</span> Logger LOGGER = LoggerFactory.getLogger(WebAppForIndexFilter.class);\n	<span style=\"color: rgb(153, 153, 153); font-weight: bold;\">@Override</span>\n	<span style=\"font-weight: bold;\">public</span> <span style=\"font-weight: bold;\">void</span> <span style=\"color: rgb(153, 0, 0); font-weight: bold;\">destroy</span>() {\n		LOGGER.info(<span style=\"color: rgb(221, 17, 68);\">\"WebAppForIndexFilter - 过滤器已销毁...\"</span>);\n	}\n	<span style=\"color: rgb(153, 153, 153); font-weight: bold;\">@Override</span>\n	<span style=\"font-weight: bold;\">public</span> <span style=\"font-weight: bold;\">void</span> <span style=\"color: rgb(153, 0, 0); font-weight: bold;\">doFilter</span>(ServletRequest arg0, ServletResponse arg1, FilterChain arg2)\n			<span style=\"font-weight: bold;\">throws</span> IOException, ServletException {\n		HttpServletRequest request = (HttpServletRequest) arg0;\n		\n        LOGGER.info(<span style=\"color: rgb(221, 17, 68);\">\"WebAppForIndexFilter - Request URL: {}\"</span>, request.getRequestURL().toString());\n        LOGGER.info(<span style=\"color: rgb(221, 17, 68);\">\"WebAppForIndexFilter - Request port：{}\"</span>, request.getServerPort());\n        LOGGER.info(<span style=\"color: rgb(221, 17, 68);\">\"WebAppForIndexFilter - Request Method: {}\"</span>, request.getMethod());\n        \n		HttpServletResponse response = (HttpServletResponse) arg1;\n		response.setHeader(<span style=\"color: rgb(221, 17, 68);\">\"Current-Path\"</span>, request.getServletPath());\n		response.setHeader(<span style=\"color: rgb(221, 17, 68);\">\"My-Name\"</span>, <span style=\"color: rgb(221, 17, 68);\">\"MeiNanzi\"</span>);\n		arg2.doFilter(arg0, arg1);\n	}\n	<span style=\"color: rgb(153, 153, 153); font-weight: bold;\">@Override</span>\n	<span style=\"font-weight: bold;\">public</span> <span style=\"font-weight: bold;\">void</span> <span style=\"color: rgb(153, 0, 0); font-weight: bold;\">init</span>(FilterConfig arg0) <span style=\"font-weight: bold;\">throws</span> ServletException {\n		LOGGER.info(<span style=\"color: rgb(221, 17, 68);\">\"WebAppForIndexFilter - {}初始化过滤器...\"</span>, <span style=\"font-weight: bold;\">new</span> Date());\n	}\n}</code></pre><p style=\"margin-top: 0px; color: rgb(102, 102, 102); font-family: -apple-system, &quot;Helvetica Neue&quot;, Helvetica, Arial, &quot;PingFang SC&quot;, &quot;Hiragino Sans GB&quot;, &quot;WenQuanYi Micro Hei&quot;, &quot;Microsoft Yahei&quot;, sans-serif; font-size: 14px;\">&nbsp;&nbsp;&nbsp;&nbsp;<span style=\"font-weight: 700;\">ServletController类</span></p><pre style=\"overflow-y: scroll; font-size: 14px; padding: 8px; line-height: 1.42857; background-color: rgb(248, 248, 248); border-width: 0px; border-radius: 0px; max-height: 340px; max-width: 100%;\"><code codemark=\"1\" style=\"padding: 0.5em; color: rgb(51, 51, 51); background: rgb(248, 248, 248); border-radius: 0px; overflow-x: auto;\"><span style=\"font-weight: bold;\">package</span> com.zyd.servlet.controller;\n<span style=\"font-weight: bold;\">import</span> java.util.Date;\n<span style=\"font-weight: bold;\">import</span> org.springframework.web.bind.annotation.RequestMapping;\n<span style=\"font-weight: bold;\">import</span> org.springframework.web.bind.annotation.RestController;\n<span style=\"color: rgb(153, 153, 136); font-style: italic;\">/**\n * <span style=\"color: rgb(221, 17, 68);\">@Description</span> \n * <span style=\"color: rgb(221, 17, 68);\">@author</span> zhangyd\n * <span style=\"color: rgb(221, 17, 68);\">@date</span> 2017年4月7日 下午4:37:11 \n * <span style=\"color: rgb(221, 17, 68);\">@version</span> V1.0\n * <span style=\"color: rgb(221, 17, 68);\">@since</span> JDK ： 1.7\n * <span style=\"color: rgb(221, 17, 68);\">@modify</span>                 \n * <span style=\"color: rgb(221, 17, 68);\">@Review</span>\n */</span>\n<span style=\"color: rgb(153, 153, 153); font-weight: bold;\">@RestController</span>\n<span style=\"color: rgb(153, 153, 153); font-weight: bold;\">@RequestMapping</span>(<span style=\"color: rgb(221, 17, 68);\">\"/servlet\"</span>)\n<span style=\"font-weight: bold;\">public</span> <span style=\"font-weight: bold;\">class</span> <span style=\"color: rgb(68, 85, 136); font-weight: bold;\">ServletController</span> {\n	<span style=\"color: rgb(153, 153, 153); font-weight: bold;\">@RequestMapping</span>(<span style=\"color: rgb(221, 17, 68);\">\"/index\"</span>)\n	<span style=\"font-weight: bold;\">public</span> Object <span style=\"color: rgb(153, 0, 0); font-weight: bold;\">index</span>() {\n		<span style=\"font-weight: bold;\">return</span> <span style=\"font-weight: bold;\">new</span> Date() + <span style=\"color: rgb(221, 17, 68);\">\" - index\"</span>;\n	}\n	\n	<span style=\"color: rgb(153, 153, 153); font-weight: bold;\">@RequestMapping</span>(<span style=\"color: rgb(221, 17, 68);\">\"/filter1\"</span>)\n	<span style=\"font-weight: bold;\">public</span> Object <span style=\"color: rgb(153, 0, 0); font-weight: bold;\">filter1</span>() {\n		<span style=\"font-weight: bold;\">return</span> <span style=\"font-weight: bold;\">new</span> Date() + <span style=\"color: rgb(221, 17, 68);\">\" - filter1\"</span>;\n	}\n	\n	<span style=\"color: rgb(153, 153, 153); font-weight: bold;\">@RequestMapping</span>(<span style=\"color: rgb(221, 17, 68);\">\"/filter2\"</span>)\n	<span style=\"font-weight: bold;\">public</span> Object <span style=\"color: rgb(153, 0, 0); font-weight: bold;\">filter2</span>() {\n		<span style=\"font-weight: bold;\">return</span> <span style=\"font-weight: bold;\">new</span> Date() + <span style=\"color: rgb(221, 17, 68);\">\" - filter2\"</span>;\n	}\n}</code></pre><p style=\"margin-top: 0px; color: rgb(102, 102, 102); font-family: -apple-system, &quot;Helvetica Neue&quot;, Helvetica, Arial, &quot;PingFang SC&quot;, &quot;Hiragino Sans GB&quot;, &quot;WenQuanYi Micro Hei&quot;, &quot;Microsoft Yahei&quot;, sans-serif; font-size: 14px;\">&nbsp; &nbsp;&nbsp;<span style=\"font-weight: 700;\">WebAppListener类</span><br></p><pre style=\"overflow-y: scroll; font-size: 14px; padding: 8px; line-height: 1.42857; background-color: rgb(248, 248, 248); border-width: 0px; border-radius: 0px; max-height: 340px; max-width: 100%;\"><code codemark=\"1\" style=\"padding: 0.5em; color: rgb(51, 51, 51); background: rgb(248, 248, 248); border-radius: 0px; overflow-x: auto;\"><span style=\"font-weight: bold;\">package</span> com.zyd.servlet.config.listener;\n<span style=\"font-weight: bold;\">import</span> javax.servlet.ServletContext;\n<span style=\"font-weight: bold;\">import</span> javax.servlet.ServletContextEvent;\n<span style=\"font-weight: bold;\">import</span> javax.servlet.ServletContextListener;\n<span style=\"font-weight: bold;\">import</span> javax.servlet.annotation.WebListener;\n<span style=\"font-weight: bold;\">import</span> org.slf4j.Logger;\n<span style=\"font-weight: bold;\">import</span> org.slf4j.LoggerFactory;\n<span style=\"font-weight: bold;\">public</span> <span style=\"font-weight: bold;\">class</span> <span style=\"color: rgb(68, 85, 136); font-weight: bold;\">WebAppListener</span> <span style=\"font-weight: bold;\">implements</span> <span style=\"color: rgb(68, 85, 136); font-weight: bold;\">ServletContextListener</span> {\n	\n	<span style=\"font-weight: bold;\">private</span> <span style=\"font-weight: bold;\">static</span> <span style=\"font-weight: bold;\">final</span> Logger LOGGER = LoggerFactory.getLogger(WebAppListener.class); \n	\n	<span style=\"font-weight: bold;\">public</span> <span style=\"font-weight: bold;\">static</span> ServletContext context;\n	<span style=\"color: rgb(153, 153, 153); font-weight: bold;\">@Override</span>\n	<span style=\"font-weight: bold;\">public</span> <span style=\"font-weight: bold;\">void</span> <span style=\"color: rgb(153, 0, 0); font-weight: bold;\">contextDestroyed</span>(ServletContextEvent arg0) {\n		LOGGER.info(<span style=\"color: rgb(221, 17, 68);\">\"WebAppListener监听器已销毁...\"</span>);\n	}\n	<span style=\"color: rgb(153, 153, 153); font-weight: bold;\">@Override</span>\n	<span style=\"font-weight: bold;\">public</span> <span style=\"font-weight: bold;\">void</span> <span style=\"color: rgb(153, 0, 0); font-weight: bold;\">contextInitialized</span>(ServletContextEvent arg0) {\n		LOGGER.info(<span style=\"color: rgb(221, 17, 68);\">\"WebAppListener监听器开始初始化...\"</span>);\n		context = arg0.getServletContext();\n		LOGGER.info(<span style=\"color: rgb(221, 17, 68);\">\"WebAppListener监听器初始化完成...\"</span>);\n	}\n}</code></pre><p style=\"margin-top: 0px; color: rgb(102, 102, 102); font-family: -apple-system, &quot;Helvetica Neue&quot;, Helvetica, Arial, &quot;PingFang SC&quot;, &quot;Hiragino Sans GB&quot;, &quot;WenQuanYi Micro Hei&quot;, &quot;Microsoft Yahei&quot;, sans-serif; font-size: 14px;\">&nbsp; &nbsp;&nbsp;<span style=\"font-weight: 700;\">POM.xml中需要的依赖</span></p><pre style=\"overflow-y: scroll; font-size: 14px; padding: 8px; line-height: 1.42857; background-color: rgb(248, 248, 248); border-width: 0px; border-radius: 0px; max-height: 340px; max-width: 100%;\"><code codemark=\"1\" style=\"padding: 0.5em; color: rgb(51, 51, 51); background: rgb(248, 248, 248); border-radius: 0px; overflow-x: auto;\">&lt;!--支持 Web 应用开发，包含 Tomcat 和 spring-mvc --&gt;\n&lt;dependency&gt;\n	&lt;groupId&gt;org.springframework.boot&lt;/groupId&gt;\n	&lt;artifactId&gt;spring-boot-starter-web&lt;/artifactId&gt;\n&lt;/dependency&gt;\n&lt;dependency&gt;\n	&lt;groupId&gt;org.springframework.boot&lt;/groupId&gt;\n	&lt;artifactId&gt;spring-boot-starter-test&lt;/artifactId&gt;\n	&lt;scope&gt;test&lt;/scope&gt;\n&lt;/dependency&gt;</code></pre><h1 style=\"margin-top: 20px; font-size: 22px; font-family: &quot;Microsoft YaHei&quot;; font-weight: 700; line-height: 1.1; color: rgb(102, 102, 102);\">实现过滤器</h1><p><span id=\"menu_0\" style=\"float: left; line-height: 26.6px; margin-top: -5pc; margin-right: -21px; margin-bottom: 10px; padding-top: 5pc; padding-right: 10px; padding-left: 10px; display: inline-block; color: rgb(102, 102, 102); font-family: -apple-system, &quot;Helvetica Neue&quot;, Helvetica, Arial, &quot;PingFang SC&quot;, &quot;Hiragino Sans GB&quot;, &quot;WenQuanYi Micro Hei&quot;, &quot;Microsoft Yahei&quot;, sans-serif; font-size: 14px;\"></span></p><h2 style=\"font-family: &quot;Microsoft YaHei&quot;; font-weight: 700; line-height: 30px; color: rgb(102, 102, 102); margin-right: -10px; margin-left: -10px; font-size: 20px; padding-right: 15px; padding-left: 15px; height: 30px; border-left: 5px solid rgb(101, 211, 45);\">&nbsp;&nbsp;一：通过代码注册</h2><p style=\"margin-top: 0px; color: rgb(102, 102, 102); font-family: -apple-system, &quot;Helvetica Neue&quot;, Helvetica, Arial, &quot;PingFang SC&quot;, &quot;Hiragino Sans GB&quot;, &quot;WenQuanYi Micro Hei&quot;, &quot;Microsoft Yahei&quot;, sans-serif; font-size: 14px;\">&nbsp;&nbsp;&nbsp;&nbsp;在Applaction启动类中添加以下代码</p><pre style=\"overflow-y: scroll; font-size: 14px; padding: 8px; line-height: 1.42857; background-color: rgb(248, 248, 248); border-width: 0px; border-radius: 0px; max-height: 340px; max-width: 100%;\"><code codemark=\"1\" style=\"padding: 0.5em; color: rgb(51, 51, 51); background: rgb(248, 248, 248); border-radius: 0px; overflow-x: auto;\"><span style=\"font-weight: bold;\">package</span> com.zyd.servlet;\n<span style=\"font-weight: bold;\">import</span> java.util.ArrayList;\n<span style=\"font-weight: bold;\">import</span> java.util.List;\n<span style=\"font-weight: bold;\">import</span> org.springframework.boot.SpringApplication;\n<span style=\"font-weight: bold;\">import</span> org.springframework.boot.autoconfigure.SpringBootApplication;\n<span style=\"font-weight: bold;\">import</span> org.springframework.boot.web.servlet.FilterRegistrationBean;\n<span style=\"font-weight: bold;\">import</span> org.springframework.boot.web.servlet.ServletComponentScan;\n<span style=\"font-weight: bold;\">import</span> org.springframework.context.annotation.Bean;\n<span style=\"font-weight: bold;\">import</span> com.zyd.servlet.config.filter.WebAppFilter;\n<span style=\"font-weight: bold;\">import</span> com.zyd.servlet.config.filter.WebAppForIndexFilter;\n<span style=\"color: rgb(153, 153, 153); font-weight: bold;\">@SpringBootApplication</span>\n<span style=\"font-weight: bold;\">public</span> <span style=\"font-weight: bold;\">class</span> <span style=\"color: rgb(68, 85, 136); font-weight: bold;\">Applaction</span> {\n	\n	<span style=\"color: rgb(153, 153, 136); font-style: italic;\">/**\n	 * <span style=\"color: rgb(221, 17, 68);\">@Description</span> 注册webAppFilter\n	 * <span style=\"color: rgb(221, 17, 68);\">@author</span> zhangyd\n	 * <span style=\"color: rgb(221, 17, 68);\">@date</span> 2017年4月7日 下午4:37:37 \n	 * <span style=\"color: rgb(221, 17, 68);\">@return</span>\n	 */</span>\n	<span style=\"color: rgb(153, 153, 153); font-weight: bold;\">@Bean</span>\n    <span style=\"font-weight: bold;\">public</span> FilterRegistrationBean <span style=\"color: rgb(153, 0, 0); font-weight: bold;\">webAppFilterRegistrationBean</span>() {\n		 FilterRegistrationBean registrationBean = <span style=\"font-weight: bold;\">new</span> FilterRegistrationBean();\n		 registrationBean.setName(<span style=\"color: rgb(221, 17, 68);\">\"webAppFilter\"</span>);\n		 WebAppFilter webAppFilter = <span style=\"font-weight: bold;\">new</span> WebAppFilter();\n		 registrationBean.setFilter(webAppFilter);\n		 registrationBean.setOrder(<span style=\"color: rgb(0, 128, 128);\">0</span>);\n		 List&lt;String&gt; urlList = <span style=\"font-weight: bold;\">new</span> ArrayList&lt;String&gt;();\n		 urlList.add(<span style=\"color: rgb(221, 17, 68);\">\"/servlet/filter1\"</span>);\n		 urlList.add(<span style=\"color: rgb(221, 17, 68);\">\"/servlet/filter2\"</span>);\n		 registrationBean.setUrlPatterns(urlList);\n		 <span style=\"font-weight: bold;\">return</span> registrationBean;\n    }\n	\n	<span style=\"color: rgb(153, 153, 136); font-style: italic;\">/**\n	 * <span style=\"color: rgb(221, 17, 68);\">@Description</span> 注册webAppForIndexFilter\n	 * <span style=\"color: rgb(221, 17, 68);\">@author</span> zhangyd\n	 * <span style=\"color: rgb(221, 17, 68);\">@date</span> 2017年4月7日 下午4:37:37 \n	 * <span style=\"color: rgb(221, 17, 68);\">@return</span>\n	 */</span>\n	<span style=\"color: rgb(153, 153, 153); font-weight: bold;\">@Bean</span>\n    <span style=\"font-weight: bold;\">public</span> FilterRegistrationBean <span style=\"color: rgb(153, 0, 0); font-weight: bold;\">webAppForIndexFilterRegistrationBean</span>() {\n		 FilterRegistrationBean registrationBean = <span style=\"font-weight: bold;\">new</span> FilterRegistrationBean();\n		 registrationBean.setName(<span style=\"color: rgb(221, 17, 68);\">\"webAppForIndexFilter\"</span>);\n		 WebAppForIndexFilter webAppForIndexFilter = <span style=\"font-weight: bold;\">new</span> WebAppForIndexFilter();\n		 registrationBean.setFilter(webAppForIndexFilter);\n		 registrationBean.setOrder(-<span style=\"color: rgb(0, 128, 128);\">1</span>);\n		 List&lt;String&gt; urlList = <span style=\"font-weight: bold;\">new</span> ArrayList&lt;String&gt;();\n		 urlList.add(<span style=\"color: rgb(221, 17, 68);\">\"/servlet/index\"</span>);\n		 registrationBean.setUrlPatterns(urlList);\n		 <span style=\"font-weight: bold;\">return</span> registrationBean;\n    }\n	\n	<span style=\"font-weight: bold;\">public</span> <span style=\"font-weight: bold;\">static</span> <span style=\"font-weight: bold;\">void</span> <span style=\"color: rgb(153, 0, 0); font-weight: bold;\">main</span>(String[] args) {\n		SpringApplication.run(Applaction.class, args);\n	}\n}</code></pre><p style=\"margin-top: 0px; color: rgb(102, 102, 102); font-family: -apple-system, &quot;Helvetica Neue&quot;, Helvetica, Arial, &quot;PingFang SC&quot;, &quot;Hiragino Sans GB&quot;, &quot;WenQuanYi Micro Hei&quot;, &quot;Microsoft Yahei&quot;, sans-serif; font-size: 14px;\">&nbsp;&nbsp;&nbsp;&nbsp;通过以上，即已经配置好了两个过滤器（<span style=\"background-color: rgb(248, 248, 248); color: rgb(51, 51, 51); font-family: Menlo, Monaco, Consolas, &quot;Courier New&quot;, monospace; font-size: inherit; white-space: pre-wrap;\">webAppFilter</span>和<span style=\"background-color: rgb(248, 248, 248); color: rgb(51, 51, 51); font-family: Menlo, Monaco, Consolas, &quot;Courier New&quot;, monospace; font-size: inherit; white-space: pre-wrap;\">webAppForIndexFilter</span>）</p><p style=\"margin-top: 0px; color: rgb(102, 102, 102); font-family: -apple-system, &quot;Helvetica Neue&quot;, Helvetica, Arial, &quot;PingFang SC&quot;, &quot;Hiragino Sans GB&quot;, &quot;WenQuanYi Micro Hei&quot;, &quot;Microsoft Yahei&quot;, sans-serif; font-size: 14px;\">&nbsp;&nbsp;&nbsp;&nbsp;启动并访问(<span style=\"background-color: rgb(248, 248, 248); color: rgb(51, 51, 51); font-family: Menlo, Monaco, Consolas, &quot;Courier New&quot;, monospace; font-size: inherit; white-space: pre-wrap;\">xx/servlet/filter1、xx/servlet/filter2、xx/servlet/index</span>)，查看控制台打印内容</p><pre style=\"overflow-y: scroll; font-size: 14px; padding: 8px; line-height: 1.42857; background-color: rgb(248, 248, 248); border-width: 0px; border-radius: 0px; max-height: 340px; max-width: 100%;\"><code codemark=\"1\" style=\"padding: 0.5em; color: rgb(51, 51, 51); background: rgb(248, 248, 248); border-radius: 0px; overflow-x: auto;\"><span style=\"color: rgb(0, 128, 128);\">2017</span>-<span style=\"color: rgb(0, 128, 128);\">04</span>-<span style=\"color: rgb(0, 128, 128);\">07</span> <span style=\"color: rgb(0, 128, 128);\">16</span>:<span style=\"color: rgb(0, 128, 128);\">43</span>:<span style=\"color: rgb(0, 128, 128);\">38</span> [com.zyd.servlet.config.filter.WebAppFilter] INFO  - WebAppFilter - Request URL: http:<span style=\"color: rgb(153, 153, 136); font-style: italic;\">//127.0.0.1:8083/servlet/filter1</span>\n<span style=\"color: rgb(0, 128, 128);\">2017</span>-<span style=\"color: rgb(0, 128, 128);\">04</span>-<span style=\"color: rgb(0, 128, 128);\">07</span> <span style=\"color: rgb(0, 128, 128);\">16</span>:<span style=\"color: rgb(0, 128, 128);\">43</span>:<span style=\"color: rgb(0, 128, 128);\">38</span> [com.zyd.servlet.config.filter.WebAppFilter] INFO  - WebAppFilter - Request port：<span style=\"color: rgb(0, 128, 128);\">8083</span>\n<span style=\"color: rgb(0, 128, 128);\">2017</span>-<span style=\"color: rgb(0, 128, 128);\">04</span>-<span style=\"color: rgb(0, 128, 128);\">07</span> <span style=\"color: rgb(0, 128, 128);\">16</span>:<span style=\"color: rgb(0, 128, 128);\">43</span>:<span style=\"color: rgb(0, 128, 128);\">38</span> [com.zyd.servlet.config.filter.WebAppFilter] INFO  - WebAppFilter - Request Method: GET\n<span style=\"color: rgb(0, 128, 128);\">2017</span>-<span style=\"color: rgb(0, 128, 128);\">04</span>-<span style=\"color: rgb(0, 128, 128);\">07</span> <span style=\"color: rgb(0, 128, 128);\">16</span>:<span style=\"color: rgb(0, 128, 128);\">43</span>:<span style=\"color: rgb(0, 128, 128);\">41</span> [com.zyd.servlet.config.filter.WebAppForIndexFilter] INFO  - WebAppForIndexFilter - Request URL: http:<span style=\"color: rgb(153, 153, 136); font-style: italic;\">//127.0.0.1:8083/servlet/index</span>\n<span style=\"color: rgb(0, 128, 128);\">2017</span>-<span style=\"color: rgb(0, 128, 128);\">04</span>-<span style=\"color: rgb(0, 128, 128);\">07</span> <span style=\"color: rgb(0, 128, 128);\">16</span>:<span style=\"color: rgb(0, 128, 128);\">43</span>:<span style=\"color: rgb(0, 128, 128);\">41</span> [com.zyd.servlet.config.filter.WebAppForIndexFilter] INFO  - WebAppForIndexFilter - Request port：<span style=\"color: rgb(0, 128, 128);\">8083</span>\n<span style=\"color: rgb(0, 128, 128);\">2017</span>-<span style=\"color: rgb(0, 128, 128);\">04</span>-<span style=\"color: rgb(0, 128, 128);\">07</span> <span style=\"color: rgb(0, 128, 128);\">16</span>:<span style=\"color: rgb(0, 128, 128);\">43</span>:<span style=\"color: rgb(0, 128, 128);\">41</span> [com.zyd.servlet.config.filter.WebAppForIndexFilter] INFO  - WebAppForIndexFilter - Request Method: GET\n<span style=\"color: rgb(0, 128, 128);\">2017</span>-<span style=\"color: rgb(0, 128, 128);\">04</span>-<span style=\"color: rgb(0, 128, 128);\">07</span> <span style=\"color: rgb(0, 128, 128);\">16</span>:<span style=\"color: rgb(0, 128, 128);\">43</span>:<span style=\"color: rgb(0, 128, 128);\">44</span> [com.zyd.servlet.config.filter.WebAppFilter] INFO  - WebAppFilter - Request URL: http:<span style=\"color: rgb(153, 153, 136); font-style: italic;\">//127.0.0.1:8083/servlet/filter2</span>\n<span style=\"color: rgb(0, 128, 128);\">2017</span>-<span style=\"color: rgb(0, 128, 128);\">04</span>-<span style=\"color: rgb(0, 128, 128);\">07</span> <span style=\"color: rgb(0, 128, 128);\">16</span>:<span style=\"color: rgb(0, 128, 128);\">43</span>:<span style=\"color: rgb(0, 128, 128);\">44</span> [com.zyd.servlet.config.filter.WebAppFilter] INFO  - WebAppFilter - Request port：<span style=\"color: rgb(0, 128, 128);\">8083</span>\n<span style=\"color: rgb(0, 128, 128);\">2017</span>-<span style=\"color: rgb(0, 128, 128);\">04</span>-<span style=\"color: rgb(0, 128, 128);\">07</span> <span style=\"color: rgb(0, 128, 128);\">16</span>:<span style=\"color: rgb(0, 128, 128);\">43</span>:<span style=\"color: rgb(0, 128, 128);\">44</span> [com.zyd.servlet.config.filter.WebAppFilter] INFO  - WebAppFilter - Request Method: GET</code></pre><p style=\"margin-top: 0px; color: rgb(102, 102, 102); font-family: -apple-system, &quot;Helvetica Neue&quot;, Helvetica, Arial, &quot;PingFang SC&quot;, &quot;Hiragino Sans GB&quot;, &quot;WenQuanYi Micro Hei&quot;, &quot;Microsoft Yahei&quot;, sans-serif; font-size: 14px;\">&nbsp;&nbsp;&nbsp;&nbsp;可以看到<span style=\"background-color: rgb(248, 248, 248); color: rgb(51, 51, 51); font-family: Menlo, Monaco, Consolas, &quot;Courier New&quot;, monospace; font-size: inherit; white-space: pre-wrap;\">WebAppFilter</span>&nbsp;对应过滤<span style=\"background-color: rgb(248, 248, 248); color: rgb(51, 51, 51); font-family: Menlo, Monaco, Consolas, &quot;Courier New&quot;, monospace; font-size: inherit; white-space: pre-wrap;\">filter1</span>和<span style=\"background-color: rgb(248, 248, 248); color: rgb(51, 51, 51); font-family: Menlo, Monaco, Consolas, &quot;Courier New&quot;, monospace; font-size: inherit; white-space: pre-wrap;\">filter2</span>请求，<span style=\"background-color: rgb(248, 248, 248); color: rgb(51, 51, 51); font-family: Menlo, Monaco, Consolas, &quot;Courier New&quot;, monospace; font-size: inherit; white-space: pre-wrap;\">WebAppForIndexFilter</span>&nbsp;对应过滤index请求</p><p><span id=\"menu_1\" style=\"float: left; line-height: 26.6px; margin-top: -5pc; margin-right: -21px; margin-bottom: 10px; padding-top: 5pc; padding-right: 10px; padding-left: 10px; display: inline-block; color: rgb(102, 102, 102); font-family: -apple-system, &quot;Helvetica Neue&quot;, Helvetica, Arial, &quot;PingFang SC&quot;, &quot;Hiragino Sans GB&quot;, &quot;WenQuanYi Micro Hei&quot;, &quot;Microsoft Yahei&quot;, sans-serif; font-size: 14px;\"></span></p><h2 style=\"font-family: &quot;Microsoft YaHei&quot;; font-weight: 700; line-height: 30px; color: rgb(102, 102, 102); margin-right: -10px; margin-left: -10px; font-size: 20px; padding-right: 15px; padding-left: 15px; height: 30px; border-left: 5px solid rgb(101, 211, 45);\">&nbsp;&nbsp;二：通过注解实现Filter</h2><p style=\"margin-top: 0px; color: rgb(102, 102, 102); font-family: -apple-system, &quot;Helvetica Neue&quot;, Helvetica, Arial, &quot;PingFang SC&quot;, &quot;Hiragino Sans GB&quot;, &quot;WenQuanYi Micro Hei&quot;, &quot;Microsoft Yahei&quot;, sans-serif; font-size: 14px;\">&nbsp;&nbsp;&nbsp;&nbsp;WebAppFilter修改为</p><pre style=\"overflow-y: scroll; font-size: 14px; padding: 8px; line-height: 1.42857; background-color: rgb(248, 248, 248); border-width: 0px; border-radius: 0px; max-height: 340px; max-width: 100%;\"><code codemark=\"1\" style=\"padding: 0.5em; color: rgb(51, 51, 51); background: rgb(248, 248, 248); border-radius: 0px; overflow-x: auto;\"><span style=\"color: rgb(153, 153, 136); font-style: italic;\">// 添加这一段注解</span>\n<span style=\"color: rgb(153, 153, 153); font-weight: bold;\">@WebFilter</span>(filterName = <span style=\"color: rgb(221, 17, 68);\">\"WebAppFilter\"</span>, urlPatterns = { <span style=\"color: rgb(221, 17, 68);\">\"/servlet/filter1\"</span>,<span style=\"color: rgb(221, 17, 68);\">\"/servlet/filter2\"</span> })\n<span style=\"font-weight: bold;\">public</span> <span style=\"font-weight: bold;\">class</span> <span style=\"color: rgb(68, 85, 136); font-weight: bold;\">WebAppFilter</span> <span style=\"font-weight: bold;\">implements</span> <span style=\"color: rgb(68, 85, 136); font-weight: bold;\">Filter</span> {\n	...\n}</code></pre><p style=\"margin-top: 0px; color: rgb(102, 102, 102); font-family: -apple-system, &quot;Helvetica Neue&quot;, Helvetica, Arial, &quot;PingFang SC&quot;, &quot;Hiragino Sans GB&quot;, &quot;WenQuanYi Micro Hei&quot;, &quot;Microsoft Yahei&quot;, sans-serif; font-size: 14px;\">&nbsp; &nbsp; WebAppForIndexFilter修改为&nbsp;<br></p><pre style=\"overflow-y: scroll; font-size: 14px; padding: 8px; line-height: 1.42857; background-color: rgb(248, 248, 248); border-width: 0px; border-radius: 0px; max-height: 340px; max-width: 100%;\"><code codemark=\"1\" style=\"padding: 0.5em; color: rgb(51, 51, 51); background: rgb(248, 248, 248); border-radius: 0px; overflow-x: auto;\"><span style=\"color: rgb(153, 153, 136); font-style: italic;\">// 添加这一段注解</span>\n<span style=\"color: rgb(153, 153, 153); font-weight: bold;\">@WebFilter</span>(filterName = <span style=\"color: rgb(221, 17, 68);\">\"WebAppForIndexFilter\"</span>, urlPatterns = { <span style=\"color: rgb(221, 17, 68);\">\"/servlet/index\"</span> })\n<span style=\"font-weight: bold;\">public</span> <span style=\"font-weight: bold;\">class</span> <span style=\"color: rgb(68, 85, 136); font-weight: bold;\">WebAppForIndexFilter</span> <span style=\"font-weight: bold;\">implements</span> <span style=\"color: rgb(68, 85, 136); font-weight: bold;\">Filter</span> {\n	...\n}</code></pre><p style=\"margin-top: 0px; color: rgb(102, 102, 102); font-family: -apple-system, &quot;Helvetica Neue&quot;, Helvetica, Arial, &quot;PingFang SC&quot;, &quot;Hiragino Sans GB&quot;, &quot;WenQuanYi Micro Hei&quot;, &quot;Microsoft Yahei&quot;, sans-serif; font-size: 14px;\">&nbsp;&nbsp;Applaction修改为</p><pre style=\"overflow-y: scroll; font-size: 14px; padding: 8px; line-height: 1.42857; background-color: rgb(248, 248, 248); border-width: 0px; border-radius: 0px; max-height: 340px; max-width: 100%;\"><code codemark=\"1\" style=\"padding: 0.5em; color: rgb(51, 51, 51); background: rgb(248, 248, 248); border-radius: 0px; overflow-x: auto;\"><span style=\"font-weight: bold;\">import</span> org.springframework.boot.SpringApplication;\n<span style=\"font-weight: bold;\">import</span> org.springframework.boot.autoconfigure.SpringBootApplication;\n<span style=\"color: rgb(153, 153, 153); font-weight: bold;\">@SpringBootApplication</span>\n<span style=\"color: rgb(153, 153, 136); font-style: italic;\">// 添加下面这个注解</span>\n<span style=\"color: rgb(153, 153, 153); font-weight: bold;\">@ServletComponentScan</span>\n<span style=\"font-weight: bold;\">public</span> <span style=\"font-weight: bold;\">class</span> <span style=\"color: rgb(68, 85, 136); font-weight: bold;\">Applaction</span> {\n	<span style=\"font-weight: bold;\">public</span> <span style=\"font-weight: bold;\">static</span> <span style=\"font-weight: bold;\">void</span> <span style=\"color: rgb(153, 0, 0); font-weight: bold;\">main</span>(String[] args) {\n		SpringApplication.run(Applaction.class, args);\n	}\n}</code></pre><p style=\"margin-top: 0px; color: rgb(102, 102, 102); font-family: -apple-system, &quot;Helvetica Neue&quot;, Helvetica, Arial, &quot;PingFang SC&quot;, &quot;Hiragino Sans GB&quot;, &quot;WenQuanYi Micro Hei&quot;, &quot;Microsoft Yahei&quot;, sans-serif; font-size: 14px;\">重新启动<span style=\"background-color: rgb(248, 248, 248); color: rgb(51, 51, 51); font-family: Menlo, Monaco, Consolas, &quot;Courier New&quot;, monospace; font-size: inherit; white-space: pre-wrap;\">Applaction</span>&nbsp;并访问(<span style=\"background-color: rgb(248, 248, 248); color: rgb(51, 51, 51); font-family: Menlo, Monaco, Consolas, &quot;Courier New&quot;, monospace; font-size: inherit; white-space: pre-wrap;\">xx/servlet/filter1</span>、<span style=\"background-color: rgb(248, 248, 248); color: rgb(51, 51, 51); font-family: Menlo, Monaco, Consolas, &quot;Courier New&quot;, monospace; font-size: inherit; white-space: pre-wrap;\">xx/servlet/filter2</span>、<span style=\"background-color: rgb(248, 248, 248); color: rgb(51, 51, 51); font-family: Menlo, Monaco, Consolas, &quot;Courier New&quot;, monospace; font-size: inherit; white-space: pre-wrap;\">xx/servlet/index</span>)，查看控制台打印内容</p><pre style=\"overflow-y: scroll; font-size: 14px; padding: 8px; line-height: 1.42857; background-color: rgb(248, 248, 248); border-width: 0px; border-radius: 0px; max-height: 340px; max-width: 100%;\"><code codemark=\"1\" style=\"padding: 0.5em; color: rgb(51, 51, 51); background: rgb(248, 248, 248); border-radius: 0px; overflow-x: auto;\"><span style=\"color: rgb(0, 128, 128);\">2017</span>-<span style=\"color: rgb(0, 128, 128);\">04</span>-<span style=\"color: rgb(0, 128, 128);\">07</span> <span style=\"color: rgb(0, 128, 128);\">16</span>:<span style=\"color: rgb(0, 128, 128);\">52</span>:<span style=\"color: rgb(0, 128, 128);\">25</span> [com.zyd.servlet.config.filter.WebAppFilter] INFO  - WebAppFilter - Request URL: http:<span style=\"color: rgb(153, 153, 136); font-style: italic;\">//127.0.0.1:8083/servlet/filter2</span>\n<span style=\"color: rgb(0, 128, 128);\">2017</span>-<span style=\"color: rgb(0, 128, 128);\">04</span>-<span style=\"color: rgb(0, 128, 128);\">07</span> <span style=\"color: rgb(0, 128, 128);\">16</span>:<span style=\"color: rgb(0, 128, 128);\">52</span>:<span style=\"color: rgb(0, 128, 128);\">25</span> [com.zyd.servlet.config.filter.WebAppFilter] INFO  - WebAppFilter - Request port：<span style=\"color: rgb(0, 128, 128);\">8083</span>\n<span style=\"color: rgb(0, 128, 128);\">2017</span>-<span style=\"color: rgb(0, 128, 128);\">04</span>-<span style=\"color: rgb(0, 128, 128);\">07</span> <span style=\"color: rgb(0, 128, 128);\">16</span>:<span style=\"color: rgb(0, 128, 128);\">52</span>:<span style=\"color: rgb(0, 128, 128);\">25</span> [com.zyd.servlet.config.filter.WebAppFilter] INFO  - WebAppFilter - Request Method: GET\n<span style=\"color: rgb(0, 128, 128);\">2017</span>-<span style=\"color: rgb(0, 128, 128);\">04</span>-<span style=\"color: rgb(0, 128, 128);\">07</span> <span style=\"color: rgb(0, 128, 128);\">16</span>:<span style=\"color: rgb(0, 128, 128);\">52</span>:<span style=\"color: rgb(0, 128, 128);\">29</span> [com.zyd.servlet.config.filter.WebAppForIndexFilter] INFO  - WebAppForIndexFilter - Request URL: http:<span style=\"color: rgb(153, 153, 136); font-style: italic;\">//127.0.0.1:8083/servlet/index</span>\n<span style=\"color: rgb(0, 128, 128);\">2017</span>-<span style=\"color: rgb(0, 128, 128);\">04</span>-<span style=\"color: rgb(0, 128, 128);\">07</span> <span style=\"color: rgb(0, 128, 128);\">16</span>:<span style=\"color: rgb(0, 128, 128);\">52</span>:<span style=\"color: rgb(0, 128, 128);\">29</span> [com.zyd.servlet.config.filter.WebAppForIndexFilter] INFO  - WebAppForIndexFilter - Request port：<span style=\"color: rgb(0, 128, 128);\">8083</span>\n<span style=\"color: rgb(0, 128, 128);\">2017</span>-<span style=\"color: rgb(0, 128, 128);\">04</span>-<span style=\"color: rgb(0, 128, 128);\">07</span> <span style=\"color: rgb(0, 128, 128);\">16</span>:<span style=\"color: rgb(0, 128, 128);\">52</span>:<span style=\"color: rgb(0, 128, 128);\">29</span> [com.zyd.servlet.config.filter.WebAppForIndexFilter] INFO  - WebAppForIndexFilter - Request Method: GET\n<span style=\"color: rgb(0, 128, 128);\">2017</span>-<span style=\"color: rgb(0, 128, 128);\">04</span>-<span style=\"color: rgb(0, 128, 128);\">07</span> <span style=\"color: rgb(0, 128, 128);\">16</span>:<span style=\"color: rgb(0, 128, 128);\">52</span>:<span style=\"color: rgb(0, 128, 128);\">29</span> [com.zyd.servlet.config.filter.WebAppForIndexFilter] INFO  - WebAppForIndexFilter - Request URL: http:<span style=\"color: rgb(153, 153, 136); font-style: italic;\">//127.0.0.1:8083/servlet/index</span>\n<span style=\"color: rgb(0, 128, 128);\">2017</span>-<span style=\"color: rgb(0, 128, 128);\">04</span>-<span style=\"color: rgb(0, 128, 128);\">07</span> <span style=\"color: rgb(0, 128, 128);\">16</span>:<span style=\"color: rgb(0, 128, 128);\">52</span>:<span style=\"color: rgb(0, 128, 128);\">29</span> [com.zyd.servlet.config.filter.WebAppForIndexFilter] INFO  - WebAppForIndexFilter - Request port：<span style=\"color: rgb(0, 128, 128);\">8083</span>\n<span style=\"color: rgb(0, 128, 128);\">2017</span>-<span style=\"color: rgb(0, 128, 128);\">04</span>-<span style=\"color: rgb(0, 128, 128);\">07</span> <span style=\"color: rgb(0, 128, 128);\">16</span>:<span style=\"color: rgb(0, 128, 128);\">52</span>:<span style=\"color: rgb(0, 128, 128);\">29</span> [com.zyd.servlet.config.filter.WebAppForIndexFilter] INFO  - WebAppForIndexFilter - Request Method: GET\n<span style=\"color: rgb(0, 128, 128);\">2017</span>-<span style=\"color: rgb(0, 128, 128);\">04</span>-<span style=\"color: rgb(0, 128, 128);\">07</span> <span style=\"color: rgb(0, 128, 128);\">16</span>:<span style=\"color: rgb(0, 128, 128);\">52</span>:<span style=\"color: rgb(0, 128, 128);\">33</span> [com.zyd.servlet.config.filter.WebAppFilter] INFO  - WebAppFilter - Request URL: http:<span style=\"color: rgb(153, 153, 136); font-style: italic;\">//127.0.0.1:8083/servlet/filter1</span>\n<span style=\"color: rgb(0, 128, 128);\">2017</span>-<span style=\"color: rgb(0, 128, 128);\">04</span>-<span style=\"color: rgb(0, 128, 128);\">07</span> <span style=\"color: rgb(0, 128, 128);\">16</span>:<span style=\"color: rgb(0, 128, 128);\">52</span>:<span style=\"color: rgb(0, 128, 128);\">33</span> [com.zyd.servlet.config.filter.WebAppFilter] INFO  - WebAppFilter - Request port：<span style=\"color: rgb(0, 128, 128);\">8083</span>\n<span style=\"color: rgb(0, 128, 128);\">2017</span>-<span style=\"color: rgb(0, 128, 128);\">04</span>-<span style=\"color: rgb(0, 128, 128);\">07</span> <span style=\"color: rgb(0, 128, 128);\">16</span>:<span style=\"color: rgb(0, 128, 128);\">52</span>:<span style=\"color: rgb(0, 128, 128);\">33</span> [com.zyd.servlet.config.filter.WebAppFilter] INFO  - WebAppFilter - Request Method: GET</code></pre><p style=\"margin-top: 0px; color: rgb(102, 102, 102); font-family: -apple-system, &quot;Helvetica Neue&quot;, Helvetica, Arial, &quot;PingFang SC&quot;, &quot;Hiragino Sans GB&quot;, &quot;WenQuanYi Micro Hei&quot;, &quot;Microsoft Yahei&quot;, sans-serif; font-size: 14px;\">到此为止就通过两种方式实现了Filter功能，这儿可以思考一个个问题</p><p style=\"margin-top: 0px; color: rgb(102, 102, 102); font-family: -apple-system, &quot;Helvetica Neue&quot;, Helvetica, Arial, &quot;PingFang SC&quot;, &quot;Hiragino Sans GB&quot;, &quot;WenQuanYi Micro Hei&quot;, &quot;Microsoft Yahei&quot;, sans-serif; font-size: 14px;\">如果webAppFilter和webAppForIndexFilter都过滤了xx/servlet/filter2请求，具体实现是什么样的？谁在前谁在后？（吐槽：想不到什么业务场景会需要这种需求）可否手动控制过滤器的过滤顺序？</p><p style=\"margin-top: 0px; color: rgb(102, 102, 102); font-family: -apple-system, &quot;Helvetica Neue&quot;, Helvetica, Arial, &quot;PingFang SC&quot;, &quot;Hiragino Sans GB&quot;, &quot;WenQuanYi Micro Hei&quot;, &quot;Microsoft Yahei&quot;, sans-serif; font-size: 14px;\">在webAppForIndexFilter中修改一下注解，让其也过滤filter2请求</p><pre style=\"overflow-y: scroll; font-size: 14px; padding: 8px; line-height: 1.42857; background-color: rgb(248, 248, 248); border-width: 0px; border-radius: 0px; max-height: 340px; max-width: 100%;\"><code codemark=\"1\" style=\"padding: 0.5em; color: rgb(51, 51, 51); background: rgb(248, 248, 248); border-radius: 0px; overflow-x: auto;\"><span style=\"color: rgb(153, 153, 153); font-weight: bold;\">@WebFilter</span>(filterName = <span style=\"color: rgb(221, 17, 68);\">\"WebAppForIndexFilter\"</span>, urlPatterns = { <span style=\"color: rgb(221, 17, 68);\">\"/servlet/index\"</span>,<span style=\"color: rgb(221, 17, 68);\">\"/servlet/filter2\"</span> })</code></pre><p style=\"margin-top: 0px; color: rgb(102, 102, 102); font-family: -apple-system, &quot;Helvetica Neue&quot;, Helvetica, Arial, &quot;PingFang SC&quot;, &quot;Hiragino Sans GB&quot;, &quot;WenQuanYi Micro Hei&quot;, &quot;Microsoft Yahei&quot;, sans-serif; font-size: 14px;\">重启再次访问filter2</p><pre style=\"overflow-y: scroll; font-size: 14px; padding: 8px; line-height: 1.42857; background-color: rgb(248, 248, 248); border-width: 0px; border-radius: 0px; max-height: 340px; max-width: 100%;\"><code codemark=\"1\" style=\"padding: 0.5em; color: rgb(51, 51, 51); background: rgb(248, 248, 248); border-radius: 0px; overflow-x: auto;\"><span style=\"color: rgb(0, 128, 128);\">2017</span>-<span style=\"color: rgb(0, 128, 128);\">04</span>-<span style=\"color: rgb(0, 128, 128);\">07</span> <span style=\"color: rgb(0, 128, 128);\">17</span>:<span style=\"color: rgb(0, 128, 128);\">00</span>:<span style=\"color: rgb(0, 128, 128);\">32</span> [com.zyd.servlet.config.filter.WebAppFilter] INFO  - WebAppFilter - Request URL: http:<span style=\"color: rgb(153, 153, 136); font-style: italic;\">//127.0.0.1:8083/servlet/filter2</span>\n<span style=\"color: rgb(0, 128, 128);\">2017</span>-<span style=\"color: rgb(0, 128, 128);\">04</span>-<span style=\"color: rgb(0, 128, 128);\">07</span> <span style=\"color: rgb(0, 128, 128);\">17</span>:<span style=\"color: rgb(0, 128, 128);\">00</span>:<span style=\"color: rgb(0, 128, 128);\">32</span> [com.zyd.servlet.config.filter.WebAppFilter] INFO  - WebAppFilter - Request port：<span style=\"color: rgb(0, 128, 128);\">8083</span>\n<span style=\"color: rgb(0, 128, 128);\">2017</span>-<span style=\"color: rgb(0, 128, 128);\">04</span>-<span style=\"color: rgb(0, 128, 128);\">07</span> <span style=\"color: rgb(0, 128, 128);\">17</span>:<span style=\"color: rgb(0, 128, 128);\">00</span>:<span style=\"color: rgb(0, 128, 128);\">32</span> [com.zyd.servlet.config.filter.WebAppFilter] INFO  - WebAppFilter - Request Method: GET\n<span style=\"color: rgb(0, 128, 128);\">2017</span>-<span style=\"color: rgb(0, 128, 128);\">04</span>-<span style=\"color: rgb(0, 128, 128);\">07</span> <span style=\"color: rgb(0, 128, 128);\">17</span>:<span style=\"color: rgb(0, 128, 128);\">00</span>:<span style=\"color: rgb(0, 128, 128);\">32</span> [com.zyd.servlet.config.filter.WebAppForIndexFilter] INFO  - WebAppForIndexFilter - Request URL: http:<span style=\"color: rgb(153, 153, 136); font-style: italic;\">//127.0.0.1:8083/servlet/filter2</span>\n<span style=\"color: rgb(0, 128, 128);\">2017</span>-<span style=\"color: rgb(0, 128, 128);\">04</span>-<span style=\"color: rgb(0, 128, 128);\">07</span> <span style=\"color: rgb(0, 128, 128);\">17</span>:<span style=\"color: rgb(0, 128, 128);\">00</span>:<span style=\"color: rgb(0, 128, 128);\">32</span> [com.zyd.servlet.config.filter.WebAppForIndexFilter] INFO  - WebAppForIndexFilter - Request port：<span style=\"color: rgb(0, 128, 128);\">8083</span>\n<span style=\"color: rgb(0, 128, 128);\">2017</span>-<span style=\"color: rgb(0, 128, 128);\">04</span>-<span style=\"color: rgb(0, 128, 128);\">07</span> <span style=\"color: rgb(0, 128, 128);\">17</span>:<span style=\"color: rgb(0, 128, 128);\">00</span>:<span style=\"color: rgb(0, 128, 128);\">32</span> [com.zyd.servlet.config.filter.WebAppForIndexFilter] INFO  - WebAppForIndexFilter - Request Method: GET</code></pre><p style=\"margin-top: 0px; color: rgb(102, 102, 102); font-family: -apple-system, &quot;Helvetica Neue&quot;, Helvetica, Arial, &quot;PingFang SC&quot;, &quot;Hiragino Sans GB&quot;, &quot;WenQuanYi Micro Hei&quot;, &quot;Microsoft Yahei&quot;, sans-serif; font-size: 14px;\">其实这种是默认的顺序，即两个类谁先被编译则谁在过滤顺序上就优先（不信的话可以把两个过滤器的名字改一下）</p><p style=\"margin-top: 0px; color: rgb(102, 102, 102); font-family: -apple-system, &quot;Helvetica Neue&quot;, Helvetica, Arial, &quot;PingFang SC&quot;, &quot;Hiragino Sans GB&quot;, &quot;WenQuanYi Micro Hei&quot;, &quot;Microsoft Yahei&quot;, sans-serif; font-size: 14px;\">可以通过@Order进行控制过滤器的执行顺序</p><pre style=\"overflow-y: scroll; font-size: 14px; padding: 8px; line-height: 1.42857; background-color: rgb(248, 248, 248); border-width: 0px; border-radius: 0px; max-height: 340px; max-width: 100%;\"><code codemark=\"1\" style=\"padding: 0.5em; color: rgb(51, 51, 51); background: rgb(248, 248, 248); border-radius: 0px; overflow-x: auto;\"><span style=\"color: rgb(153, 153, 136); font-style: italic;\">/*\n * 定义执行的优先级，数字越低，优先级越高\n */</span>\n<span style=\"color: rgb(153, 153, 153); font-weight: bold;\">@Order</span>(-<span style=\"color: rgb(0, 128, 128);\">5</span>)</code></pre><h1 style=\"margin-top: 20px; font-size: 22px; font-family: &quot;Microsoft YaHei&quot;; font-weight: 700; line-height: 1.1; color: rgb(102, 102, 102);\">实现监听器</h1><p><span id=\"menu_2\" style=\"float: left; line-height: 26.6px; margin-top: -5pc; margin-right: -21px; margin-bottom: 10px; padding-top: 5pc; padding-right: 10px; padding-left: 10px; display: inline-block; color: rgb(102, 102, 102); font-family: -apple-system, &quot;Helvetica Neue&quot;, Helvetica, Arial, &quot;PingFang SC&quot;, &quot;Hiragino Sans GB&quot;, &quot;WenQuanYi Micro Hei&quot;, &quot;Microsoft Yahei&quot;, sans-serif; font-size: 14px;\"></span></p><h2 style=\"font-family: &quot;Microsoft YaHei&quot;; font-weight: 700; line-height: 30px; color: rgb(102, 102, 102); margin-right: -10px; margin-left: -10px; font-size: 20px; padding-right: 15px; padding-left: 15px; height: 30px; border-left: 5px solid rgb(101, 211, 45);\">&nbsp;&nbsp;一：通过代码注册</h2><p style=\"margin-top: 0px; color: rgb(102, 102, 102); font-family: -apple-system, &quot;Helvetica Neue&quot;, Helvetica, Arial, &quot;PingFang SC&quot;, &quot;Hiragino Sans GB&quot;, &quot;WenQuanYi Micro Hei&quot;, &quot;Microsoft Yahei&quot;, sans-serif; font-size: 14px;\">&nbsp; &nbsp; 在Applaction启动类中添加以下代码<br></p><pre style=\"overflow-y: scroll; font-size: 14px; padding: 8px; line-height: 1.42857; background-color: rgb(248, 248, 248); border-width: 0px; border-radius: 0px; max-height: 340px; max-width: 100%;\"><code codemark=\"1\" style=\"padding: 0.5em; color: rgb(51, 51, 51); background: rgb(248, 248, 248); border-radius: 0px; overflow-x: auto;\"><span style=\"font-weight: bold;\">package</span> com.zyd.servlet;\n<span style=\"font-weight: bold;\">import</span> org.springframework.boot.SpringApplication;\n<span style=\"font-weight: bold;\">import</span> org.springframework.boot.autoconfigure.SpringBootApplication;\n<span style=\"font-weight: bold;\">import</span> org.springframework.boot.web.servlet.ServletListenerRegistrationBean;\n<span style=\"font-weight: bold;\">import</span> org.springframework.context.annotation.Bean;\n<span style=\"font-weight: bold;\">import</span> com.zyd.servlet.config.listener.WebAppListener;\n<span style=\"color: rgb(153, 153, 153); font-weight: bold;\">@SpringBootApplication</span>\n<span style=\"font-weight: bold;\">public</span> <span style=\"font-weight: bold;\">class</span> <span style=\"color: rgb(68, 85, 136); font-weight: bold;\">Applaction</span> {\n	<span style=\"color: rgb(153, 153, 153); font-weight: bold;\">@Bean</span>\n	<span style=\"font-weight: bold;\">public</span> ServletListenerRegistrationBean&lt;WebAppListener&gt; <span style=\"color: rgb(153, 0, 0); font-weight: bold;\">servletListenerRegistrationBean</span>() {\n		ServletListenerRegistrationBean&lt;WebAppListener&gt; servletListenerRegistrationBean = <span style=\"font-weight: bold;\">new</span> ServletListenerRegistrationBean&lt;WebAppListener&gt;();\n		servletListenerRegistrationBean.setListener(<span style=\"font-weight: bold;\">new</span> WebAppListener());\n		<span style=\"font-weight: bold;\">return</span> servletListenerRegistrationBean;\n	}\n	<span style=\"font-weight: bold;\">public</span> <span style=\"font-weight: bold;\">static</span> <span style=\"font-weight: bold;\">void</span> <span style=\"color: rgb(153, 0, 0); font-weight: bold;\">main</span>(String[] args) {\n		SpringApplication.run(Applaction.class, args);\n	}\n}</code></pre><p style=\"margin-top: 0px; color: rgb(102, 102, 102); font-family: -apple-system, &quot;Helvetica Neue&quot;, Helvetica, Arial, &quot;PingFang SC&quot;, &quot;Hiragino Sans GB&quot;, &quot;WenQuanYi Micro Hei&quot;, &quot;Microsoft Yahei&quot;, sans-serif; font-size: 14px;\">启动Applaction 查看控制台信息</p><pre style=\"overflow-y: scroll; font-size: 14px; padding: 8px; line-height: 1.42857; background-color: rgb(248, 248, 248); border-width: 0px; border-radius: 0px; max-height: 340px; max-width: 100%;\"><code codemark=\"1\" style=\"padding: 0.5em; color: rgb(51, 51, 51); background: rgb(248, 248, 248); border-radius: 0px; overflow-x: auto;\"><span style=\"color: rgb(0, 128, 128);\">017</span>-<span style=\"color: rgb(0, 128, 128);\">04</span>-<span style=\"color: rgb(0, 128, 128);\">07</span> <span style=\"color: rgb(0, 128, 128);\">17</span>:<span style=\"color: rgb(0, 128, 128);\">13</span>:<span style=\"color: rgb(0, 128, 128);\">28</span> [org.springframework.boot.web.servlet.ServletRegistrationBean] INFO  - Mapping servlet: <span style=\"color: rgb(221, 17, 68);\">\'dispatcherServlet\'</span> to [/]\n<span style=\"color: rgb(0, 128, 128);\">2017</span>-<span style=\"color: rgb(0, 128, 128);\">04</span>-<span style=\"color: rgb(0, 128, 128);\">07</span> <span style=\"color: rgb(0, 128, 128);\">17</span>:<span style=\"color: rgb(0, 128, 128);\">13</span>:<span style=\"color: rgb(0, 128, 128);\">28</span> [org.springframework.boot.web.servlet.AbstractFilterRegistrationBean] INFO  - Mapping filter: <span style=\"color: rgb(221, 17, 68);\">\'characterEncodingFilter\'</span> to: [<span style=\"color: rgb(153, 153, 136); font-style: italic;\">/*]\n2017-04-07 17:13:28 [org.springframework.boot.web.servlet.AbstractFilterRegistrationBean] INFO  - Mapping filter: \'hiddenHttpMethodFilter\' to: [/*]\n2017-04-07 17:13:28 [org.springframework.boot.web.servlet.AbstractFilterRegistrationBean] INFO  - Mapping filter: \'httpPutFormContentFilter\' to: [/*]\n2017-04-07 17:13:28 [org.springframework.boot.web.servlet.AbstractFilterRegistrationBean] INFO  - Mapping filter: \'requestContextFilter\' to: [/*]\n2017-04-07 17:13:28 [com.zyd.servlet.config.listener.WebAppListener] INFO  - WebAppListener监听器开始初始化...\n2017-04-07 17:13:28 [com.zyd.servlet.config.listener.WebAppListener] INFO  - WebAppListener监听器初始化完成...\n2017-04-07 17:13:28 [org.springframework.web.servlet.mvc.method.annotation.RequestMappingHandlerAdapter] INFO  - Looking for @ControllerAdvice: org.springframework.boot.context.embedded.AnnotationConfigEmbeddedWebApplicationContext@32c57076: startup date [Fri Apr 07 17:13:24 CST 2017]; root of context hierarchy\n2017-04-07 17:13:28 [org.springframework.web.servlet.handler.AbstractHandlerMethodMapping$MappingRegistry] INFO  - Mapped \"{[/servlet/index]}\" onto public java.lang.Object com.zyd.servlet.controller.ServletController.index()\n2017-04-07 17:13:28 [org.springframework.web.servlet.handler.AbstractHandlerMethodMapping$MappingRegistry] INFO  - Mapped \"{[/servlet/filter1]}\" onto public java.lang.Object com.zyd.servlet.controller.ServletController.filter1()\n2017-04-07 17:13:28 [org.springframework.web.servlet.handler.AbstractHandlerMethodMapping$MappingRegistry] INFO  - Mapped \"{[/servlet/filter2]}\" onto public java.lang.Object com.zyd.servlet.controller.ServletController.filter2()</span></code></pre><p><span id=\"menu_3\" style=\"float: left; line-height: 26.6px; margin-top: -5pc; margin-right: -21px; margin-bottom: 10px; padding-top: 5pc; padding-right: 10px; padding-left: 10px; display: inline-block; color: rgb(102, 102, 102); font-family: -apple-system, &quot;Helvetica Neue&quot;, Helvetica, Arial, &quot;PingFang SC&quot;, &quot;Hiragino Sans GB&quot;, &quot;WenQuanYi Micro Hei&quot;, &quot;Microsoft Yahei&quot;, sans-serif; font-size: 14px;\"></span></p><h2 style=\"font-family: &quot;Microsoft YaHei&quot;; font-weight: 700; line-height: 30px; color: rgb(102, 102, 102); margin-right: -10px; margin-left: -10px; font-size: 20px; padding-right: 15px; padding-left: 15px; height: 30px; border-left: 5px solid rgb(101, 211, 45);\">&nbsp; &nbsp;二：通过注解实现监听器</h2><p style=\"margin-top: 0px; color: rgb(102, 102, 102); font-family: -apple-system, &quot;Helvetica Neue&quot;, Helvetica, Arial, &quot;PingFang SC&quot;, &quot;Hiragino Sans GB&quot;, &quot;WenQuanYi Micro Hei&quot;, &quot;Microsoft Yahei&quot;, sans-serif; font-size: 14px;\">&nbsp;&nbsp;&nbsp;&nbsp;方式和过滤器的实现方式基本一致，在<span style=\"background-color: rgb(248, 248, 248); color: rgb(51, 51, 51); font-family: Menlo, Monaco, Consolas, &quot;Courier New&quot;, monospace; font-size: inherit; white-space: pre-wrap;\">Applaction</span>启动类中添加<span style=\"font-size: inherit; background-color: rgb(248, 248, 248); color: rgb(51, 51, 51); font-family: Menlo, Monaco, Consolas, &quot;Courier New&quot;, monospace; white-space: pre-wrap;\">@ServletComponentScan</span>注解，并且在<span style=\"font-size: inherit; background-color: rgb(248, 248, 248); color: rgb(51, 51, 51); font-family: Menlo, Monaco, Consolas, &quot;Courier New&quot;, monospace; white-space: pre-wrap;\">WebAppListener</span>类中添加<span style=\"font-size: inherit; background-color: rgb(248, 248, 248); color: rgb(51, 51, 51); font-family: Menlo, Monaco, Consolas, &quot;Courier New&quot;, monospace; white-space: pre-wrap;\">@WebListener</span>注解</p><p style=\"margin-top: 0px; color: rgb(102, 102, 102); font-family: -apple-system, &quot;Helvetica Neue&quot;, Helvetica, Arial, &quot;PingFang SC&quot;, &quot;Hiragino Sans GB&quot;, &quot;WenQuanYi Micro Hei&quot;, &quot;Microsoft Yahei&quot;, sans-serif; font-size: 14px;\">&nbsp; &nbsp;到此就完成了监听器和过滤器的两种实现方式。</p><h1 style=\"margin-top: 20px; font-size: 22px; font-family: &quot;Microsoft YaHei&quot;; font-weight: 700; line-height: 1.1; color: rgb(102, 102, 102);\">说在最后的话&nbsp;</h1><p style=\"margin-top: 0px; color: rgb(102, 102, 102); font-family: -apple-system, &quot;Helvetica Neue&quot;, Helvetica, Arial, &quot;PingFang SC&quot;, &quot;Hiragino Sans GB&quot;, &quot;WenQuanYi Micro Hei&quot;, &quot;Microsoft Yahei&quot;, sans-serif; font-size: 14px;\">&nbsp;&nbsp;&nbsp;&nbsp;如有不对的地方或者需要补充的地方，欢迎留言告知。</p><p style=\"margin-top: 0px; color: rgb(102, 102, 102); font-family: -apple-system, &quot;Helvetica Neue&quot;, Helvetica, Arial, &quot;PingFang SC&quot;, &quot;Hiragino Sans GB&quot;, &quot;WenQuanYi Micro Hei&quot;, &quot;Microsoft Yahei&quot;, sans-serif; font-size: 14px;\"></p><p style=\"margin-top: 0px; color: rgb(102, 102, 102); font-family: -apple-system, &quot;Helvetica Neue&quot;, Helvetica, Arial, &quot;PingFang SC&quot;, &quot;Hiragino Sans GB&quot;, &quot;WenQuanYi Micro Hei&quot;, &quot;Microsoft Yahei&quot;, sans-serif; font-size: 14px;\">&nbsp; &nbsp; 感谢生命中遇到的每一个人，感谢每一个给自己压力的人，感谢每一个恨自己的人</p><ul style=\"margin-top: 0px; list-style: none; margin-left: 0px; color: rgb(102, 102, 102); font-family: -apple-system, &quot;Helvetica Neue&quot;, Helvetica, Arial, &quot;PingFang SC&quot;, &quot;Hiragino Sans GB&quot;, &quot;WenQuanYi Micro Hei&quot;, &quot;Microsoft Yahei&quot;, sans-serif; font-size: 14px;\"></ul>', NULL, 0, 2, 1, 0, 1, '记录，学习', 'java，springboot，filter，listener', 1, '2019-08-17 11:16:42', '2019-11-17 11:16:42');
INSERT INTO `biz_article` VALUES (5, '走向便捷开发之lombok安装和使用', 1, '', NULL, 0, '<h1 style=\"margin-top: 20px; font-size: 22px; font-family: &quot;Microsoft YaHei&quot;; font-weight: 700; line-height: 1.1; color: rgb(102, 102, 102);\">lombok.jar安装方式图解</h1><p style=\"margin-top: 0px; color: rgb(102, 102, 102); font-family: -apple-system, &quot;Helvetica Neue&quot;, Helvetica, Arial, &quot;PingFang SC&quot;, &quot;Hiragino Sans GB&quot;, &quot;WenQuanYi Micro Hei&quot;, &quot;Microsoft Yahei&quot;, sans-serif; font-size: 14px;\">lombok.jar官方下载地址:&nbsp;<a href=\"https://projectlombok.org/download.html\" style=\"color: rgb(0, 154, 97); cursor: pointer;\">https://projectlombok.org/download.html</a></p><p style=\"margin-top: 0px; color: rgb(102, 102, 102); font-family: -apple-system, &quot;Helvetica Neue&quot;, Helvetica, Arial, &quot;PingFang SC&quot;, &quot;Hiragino Sans GB&quot;, &quot;WenQuanYi Micro Hei&quot;, &quot;Microsoft Yahei&quot;, sans-serif; font-size: 14px;\">双击lombok.jar文件打开lombok安装界面，然后按照以下方式配置</p><p style=\"margin-top: 0px; color: rgb(102, 102, 102); font-family: -apple-system, &quot;Helvetica Neue&quot;, Helvetica, Arial, &quot;PingFang SC&quot;, &quot;Hiragino Sans GB&quot;, &quot;WenQuanYi Micro Hei&quot;, &quot;Microsoft Yahei&quot;, sans-serif; font-size: 14px;\"><a href=\"http://cdn.zhyd.me/flyat/article/20170303151429341.png\" title=\"使用lombok提高开发效率\" rel=\"group\" style=\"color: rgb(0, 154, 97); cursor: pointer;\"><img src=\"http://cdn.zhyd.me/flyat/article/20170303151429341.png\" alt=\"使用lombok提高开发效率文章的图片\" style=\"display: block; max-width: 100%; height: auto;\"></a></p><p style=\"margin-top: 0px; color: rgb(102, 102, 102); font-family: -apple-system, &quot;Helvetica Neue&quot;, Helvetica, Arial, &quot;PingFang SC&quot;, &quot;Hiragino Sans GB&quot;, &quot;WenQuanYi Micro Hei&quot;, &quot;Microsoft Yahei&quot;, sans-serif; font-size: 14px;\">安装完成后，eclipse所在目录下应该多了一个lombok.jar文件</p><p style=\"margin-top: 0px; color: rgb(102, 102, 102); font-family: -apple-system, &quot;Helvetica Neue&quot;, Helvetica, Arial, &quot;PingFang SC&quot;, &quot;Hiragino Sans GB&quot;, &quot;WenQuanYi Micro Hei&quot;, &quot;Microsoft Yahei&quot;, sans-serif; font-size: 14px;\"><a href=\"http://cdn.zhyd.me/flyat/article/20170303151448880.png\" title=\"使用lombok提高开发效率\" rel=\"group\" style=\"color: rgb(0, 154, 97); cursor: pointer;\"><img src=\"http://cdn.zhyd.me/flyat/article/20170303151448880.png\" alt=\"使用lombok提高开发效率文章的图片\" style=\"display: block; max-width: 100%; height: auto;\"></a></p><p style=\"margin-top: 0px; color: rgb(102, 102, 102); font-family: -apple-system, &quot;Helvetica Neue&quot;, Helvetica, Arial, &quot;PingFang SC&quot;, &quot;Hiragino Sans GB&quot;, &quot;WenQuanYi Micro Hei&quot;, &quot;Microsoft Yahei&quot;, sans-serif; font-size: 14px;\">同时在eclipse.ini配置文件中会自动加入插件的引用</p><p style=\"margin-top: 0px; color: rgb(102, 102, 102); font-family: -apple-system, &quot;Helvetica Neue&quot;, Helvetica, Arial, &quot;PingFang SC&quot;, &quot;Hiragino Sans GB&quot;, &quot;WenQuanYi Micro Hei&quot;, &quot;Microsoft Yahei&quot;, sans-serif; font-size: 14px;\"><a href=\"http://cdn.zhyd.me/flyat/article/20170303151517856.png\" title=\"使用lombok提高开发效率\" rel=\"group\" style=\"color: rgb(0, 154, 97); cursor: pointer;\"><img src=\"http://cdn.zhyd.me/flyat/article/20170303151517856.png\" alt=\"使用lombok提高开发效率文章的图片\" style=\"display: block; max-width: 100%; height: auto;\"></a></p><p style=\"margin-top: 0px; color: rgb(102, 102, 102); font-family: -apple-system, &quot;Helvetica Neue&quot;, Helvetica, Arial, &quot;PingFang SC&quot;, &quot;Hiragino Sans GB&quot;, &quot;WenQuanYi Micro Hei&quot;, &quot;Microsoft Yahei&quot;, sans-serif; font-size: 14px;\">操作完成后重启eclipse</p><p style=\"margin-top: 0px; color: rgb(102, 102, 102); font-family: -apple-system, &quot;Helvetica Neue&quot;, Helvetica, Arial, &quot;PingFang SC&quot;, &quot;Hiragino Sans GB&quot;, &quot;WenQuanYi Micro Hei&quot;, &quot;Microsoft Yahei&quot;, sans-serif; font-size: 14px;\">另附：各IDE使用lombok的方式（详见lombok官网）</p><p style=\"margin-top: 0px; color: rgb(102, 102, 102); font-family: -apple-system, &quot;Helvetica Neue&quot;, Helvetica, Arial, &quot;PingFang SC&quot;, &quot;Hiragino Sans GB&quot;, &quot;WenQuanYi Micro Hei&quot;, &quot;Microsoft Yahei&quot;, sans-serif; font-size: 14px;\"><a href=\"http://cdn.zhyd.me/flyat/article/20170303151612947.png\" title=\"使用lombok提高开发效率\" rel=\"group\" style=\"color: rgb(0, 154, 97); cursor: pointer;\"><img src=\"http://cdn.zhyd.me/flyat/article/20170303151612947.png\" alt=\"使用lombok提高开发效率文章的图片\" style=\"display: block; max-width: 100%; height: auto;\"></a></p><p style=\"margin-top: 0px; color: rgb(102, 102, 102); font-family: -apple-system, &quot;Helvetica Neue&quot;, Helvetica, Arial, &quot;PingFang SC&quot;, &quot;Hiragino Sans GB&quot;, &quot;WenQuanYi Micro Hei&quot;, &quot;Microsoft Yahei&quot;, sans-serif; font-size: 14px;\"><span style=\"font-weight: bold; background-color: rgb(238, 236, 224);\">使用idea 的话可以直接在idea中安装lombok插件</span></p><p style=\"margin-top: 0px; color: rgb(102, 102, 102); font-family: -apple-system, &quot;Helvetica Neue&quot;, Helvetica, Arial, &quot;PingFang SC&quot;, &quot;Hiragino Sans GB&quot;, &quot;WenQuanYi Micro Hei&quot;, &quot;Microsoft Yahei&quot;, sans-serif; font-size: 14px;\">操作完以上步骤即可开始开发任务了，需要在项目中添加lombok的依赖（我用的maven，没用maven的，请自行下载jar依赖）</p><pre style=\"overflow-y: scroll; font-size: 14px; padding: 8px; line-height: 1.42857; background-color: rgb(248, 248, 248); border-width: 0px; border-radius: 0px; max-height: 340px; max-width: 100%;\"><code codemark=\"1\" style=\"padding: 0.5em; color: rgb(51, 51, 51); background: rgb(248, 248, 248); border-radius: 0px; overflow-x: auto;\">&lt;!-- <span style=\"font-weight: bold;\">import</span> lombok --&gt;\n&lt;dependency&gt;\n    &lt;groupId&gt;org.projectlombok&lt;/groupId&gt;\n    &lt;artifactId&gt;lombok&lt;/artifactId&gt;\n    &lt;scope&gt;provided&lt;/scope&gt;\n&lt;/dependency&gt;</code></pre><h1 style=\"margin-top: 20px; font-size: 22px; font-family: &quot;Microsoft YaHei&quot;; font-weight: 700; line-height: 1.1; color: rgb(102, 102, 102);\">常用注解</h1><p style=\"margin-top: 0px; color: rgb(102, 102, 102); font-family: -apple-system, &quot;Helvetica Neue&quot;, Helvetica, Arial, &quot;PingFang SC&quot;, &quot;Hiragino Sans GB&quot;, &quot;WenQuanYi Micro Hei&quot;, &quot;Microsoft Yahei&quot;, sans-serif; font-size: 14px;\">1、<span style=\"font-weight: 700;\">@Getter&nbsp;/&nbsp;@Setter&nbsp;：</span>可以作用在类上和属性上，放在类上，会对所有的非静态(non-static)属性生成Getter/Setter方法，放在属性上，会对该属性生成Getter/Setter方法。并可以指定Getter/Setter方法的访问级别。</p><p style=\"margin-top: 0px; color: rgb(102, 102, 102); font-family: -apple-system, &quot;Helvetica Neue&quot;, Helvetica, Arial, &quot;PingFang SC&quot;, &quot;Hiragino Sans GB&quot;, &quot;WenQuanYi Micro Hei&quot;, &quot;Microsoft Yahei&quot;, sans-serif; font-size: 14px;\">2、<span style=\"font-weight: 700;\">@EqualsAndHashCode&nbsp;：</span>默认情况下，会使用所有非瞬态(non-transient)和非静态(non-static)字段来生成equals和hascode方法，也可以指定具体使用哪些属性。</p><p style=\"margin-top: 0px; color: rgb(102, 102, 102); font-family: -apple-system, &quot;Helvetica Neue&quot;, Helvetica, Arial, &quot;PingFang SC&quot;, &quot;Hiragino Sans GB&quot;, &quot;WenQuanYi Micro Hei&quot;, &quot;Microsoft Yahei&quot;, sans-serif; font-size: 14px;\">3、<span style=\"font-weight: 700;\">@ToString&nbsp;：</span>生成toString方法，默认情况下，会输出类名、所有属性，属性会按照顺序输出，以逗号分割。</p><p style=\"margin-top: 0px; color: rgb(102, 102, 102); font-family: -apple-system, &quot;Helvetica Neue&quot;, Helvetica, Arial, &quot;PingFang SC&quot;, &quot;Hiragino Sans GB&quot;, &quot;WenQuanYi Micro Hei&quot;, &quot;Microsoft Yahei&quot;, sans-serif; font-size: 14px;\">4、<span style=\"font-weight: 700;\">@NoArgsConstructor,&nbsp;@RequiredArgsConstructor,&nbsp;@AllArgsConstructor：</span>无参构造器、部分参数构造器、全参构造器，当我们需要重载多个构造器的时候，Lombok就无能为力了。</p><p style=\"margin-top: 0px; color: rgb(102, 102, 102); font-family: -apple-system, &quot;Helvetica Neue&quot;, Helvetica, Arial, &quot;PingFang SC&quot;, &quot;Hiragino Sans GB&quot;, &quot;WenQuanYi Micro Hei&quot;, &quot;Microsoft Yahei&quot;, sans-serif; font-size: 14px;\">5、<span style=\"font-weight: 700;\">@Data：</span><span style=\"background-color: rgb(248, 248, 248); color: rgb(51, 51, 51); font-family: Menlo, Monaco, Consolas, &quot;Courier New&quot;, monospace; font-size: inherit; white-space: pre-wrap;\">@ToString</span>,&nbsp;<span style=\"background-color: rgb(248, 248, 248); color: rgb(51, 51, 51); font-family: Menlo, Monaco, Consolas, &quot;Courier New&quot;, monospace; font-size: inherit; white-space: pre-wrap;\">@EqualsAndHashCode</span>,&nbsp;所有属性的<span style=\"background-color: rgb(248, 248, 248); color: rgb(51, 51, 51); font-family: Menlo, Monaco, Consolas, &quot;Courier New&quot;, monospace; font-size: inherit; white-space: pre-wrap;\">@Getter</span>,&nbsp;所有non-final属性的<span style=\"background-color: rgb(248, 248, 248); color: rgb(51, 51, 51); font-family: Menlo, Monaco, Consolas, &quot;Courier New&quot;, monospace; font-size: inherit; white-space: pre-wrap;\">@Setter</span>和<span style=\"background-color: rgb(248, 248, 248); color: rgb(51, 51, 51); font-family: Menlo, Monaco, Consolas, &quot;Courier New&quot;, monospace; font-size: inherit; white-space: pre-wrap;\">@RequiredArgsConstructor</span>的组合，通常情况下，我们使用这个注解就足够了。</p><p style=\"margin-top: 0px; color: rgb(102, 102, 102); font-family: -apple-system, &quot;Helvetica Neue&quot;, Helvetica, Arial, &quot;PingFang SC&quot;, &quot;Hiragino Sans GB&quot;, &quot;WenQuanYi Micro Hei&quot;, &quot;Microsoft Yahei&quot;, sans-serif; font-size: 14px;\">6、<span style=\"font-weight: 700;\">@Builder&nbsp;：</span><a href=\"https://projectlombok.org/features/Builder.html\" target=\"_blank\" style=\"color: rgb(0, 154, 97); cursor: pointer;\">@Builder详细用法介绍</a>&nbsp;将该类生成一个构建器模式的类。&nbsp;例如：</p><pre style=\"overflow-y: scroll; font-size: 14px; padding: 8px; line-height: 1.42857; background-color: rgb(248, 248, 248); border-width: 0px; border-radius: 0px; max-height: 340px; max-width: 100%;\"><code codemark=\"1\" style=\"padding: 0.5em; color: rgb(51, 51, 51); background: rgb(248, 248, 248); border-radius: 0px; overflow-x: auto;\"><span style=\"color: rgb(153, 153, 153); font-weight: bold;\">@Builder</span>\n<span style=\"font-weight: bold;\">public</span> <span style=\"font-weight: bold;\">class</span> <span style=\"color: rgb(68, 85, 136); font-weight: bold;\">Address</span> {\n    <span style=\"font-weight: bold;\">private</span> <span style=\"font-weight: bold;\">int</span> id;\n    <span style=\"font-weight: bold;\">private</span> String province;\n    <span style=\"font-weight: bold;\">private</span> String city;\n    <span style=\"font-weight: bold;\">private</span> String country;\n}</code></pre><p style=\"margin-top: 0px; color: rgb(102, 102, 102); font-family: -apple-system, &quot;Helvetica Neue&quot;, Helvetica, Arial, &quot;PingFang SC&quot;, &quot;Hiragino Sans GB&quot;, &quot;WenQuanYi Micro Hei&quot;, &quot;Microsoft Yahei&quot;, sans-serif; font-size: 14px;\">可以通过如下方式使用Address类</p><pre style=\"overflow-y: scroll; font-size: 14px; padding: 8px; line-height: 1.42857; background-color: rgb(248, 248, 248); border-width: 0px; border-radius: 0px; max-height: 340px; max-width: 100%;\"><code codemark=\"1\" style=\"padding: 0.5em; color: rgb(51, 51, 51); background: rgb(248, 248, 248); border-radius: 0px; overflow-x: auto;\"><span style=\"font-weight: bold;\">public</span> Address <span style=\"color: rgb(153, 0, 0); font-weight: bold;\">getAddress</span>(){\n    Address address = Address.builder()\n                             .province(<span style=\"color: rgb(221, 17, 68);\">\"内蒙古自治区\"</span>)\n                             .city(<span style=\"color: rgb(221, 17, 68);\">\"呼和浩特市\"</span>)\n                             .country(<span style=\"color: rgb(221, 17, 68);\">\"回民区\"</span>)\n                             .build();\n    <span style=\"font-weight: bold;\">return</span> address;\n}</code></pre>', NULL, 0, 2, 1, 0, 1, 'lombok简洁代码', 'lombok，简洁代码', 1, '2019-08-28 11:20:38', '2019-11-17 11:20:38');
INSERT INTO `biz_article` VALUES (6, 'SpringBoot配置属性之NOSQL（redis）', 1, '', NULL, 0, '<h2 style=\"font-family: &quot;Microsoft YaHei&quot;; font-weight: 700; line-height: 30px; color: rgb(102, 102, 102); margin-right: -10px; margin-left: -10px; font-size: 20px; padding-right: 15px; padding-left: 15px; height: 30px; border-left: 5px solid rgb(101, 211, 45);\">cache</h2><pre style=\"overflow-y: scroll; font-size: 14px; padding: 8px; line-height: 1.42857; background-color: rgb(248, 248, 248); border-width: 0px; border-radius: 0px; max-height: 340px; max-width: 100%;\"><code codemark=\"1\" style=\"padding: 0.5em; color: rgb(51, 51, 51); background: rgb(248, 248, 248); border-radius: 0px; overflow-x: auto;\">spring.cache.cache-names指定要创建的缓存的名称，逗号分隔(若该缓存实现支持的话)\nspring.cache.ehcache.config指定初始化EhCache时使用的配置文件的位置指定.\nspring.cache.guava.spec指定创建缓存要使用的spec，具体详见CacheBuilderSpec.\nspring.cache.hazelcast.config指定初始化Hazelcast时的配置文件位置\nspring.cache.infinispan.config指定初始化Infinispan时的配置文件位置.\nspring.cache.jcache.config指定jcache的配置文件.\nspring.cache.jcache.provider指定CachingProvider实现类的全限定名.\nspring.cache.type指定缓存类型</code></pre><p><span id=\"menu_1\" style=\"float: left; line-height: 26.6px; margin-top: -5pc; margin-right: -21px; margin-bottom: 10px; padding-top: 5pc; padding-right: 10px; padding-left: 10px; display: inline-block; color: rgb(102, 102, 102); font-family: -apple-system, &quot;Helvetica Neue&quot;, Helvetica, Arial, &quot;PingFang SC&quot;, &quot;Hiragino Sans GB&quot;, &quot;WenQuanYi Micro Hei&quot;, &quot;Microsoft Yahei&quot;, sans-serif; font-size: 14px;\"></span></p><h2 style=\"font-family: &quot;Microsoft YaHei&quot;; font-weight: 700; line-height: 30px; color: rgb(102, 102, 102); margin-right: -10px; margin-left: -10px; font-size: 20px; padding-right: 15px; padding-left: 15px; height: 30px; border-left: 5px solid rgb(101, 211, 45);\">mongodb</h2><pre style=\"overflow-y: scroll; font-size: 14px; padding: 8px; line-height: 1.42857; background-color: rgb(248, 248, 248); border-width: 0px; border-radius: 0px; max-height: 340px; max-width: 100%;\"><code codemark=\"1\" style=\"padding: 0.5em; color: rgb(51, 51, 51); background: rgb(248, 248, 248); border-radius: 0px; overflow-x: auto;\">spring.mongodb.embedded.features指定要开启的特性，逗号分隔.\nspring.mongodb.embedded.version指定要使用的版本，默认: <span style=\"color: rgb(0, 128, 128);\">2.6</span>.10</code></pre><p><span id=\"menu_2\" style=\"float: left; line-height: 26.6px; margin-top: -5pc; margin-right: -21px; margin-bottom: 10px; padding-top: 5pc; padding-right: 10px; padding-left: 10px; display: inline-block; color: rgb(102, 102, 102); font-family: -apple-system, &quot;Helvetica Neue&quot;, Helvetica, Arial, &quot;PingFang SC&quot;, &quot;Hiragino Sans GB&quot;, &quot;WenQuanYi Micro Hei&quot;, &quot;Microsoft Yahei&quot;, sans-serif; font-size: 14px;\"></span></p><h2 style=\"font-family: &quot;Microsoft YaHei&quot;; font-weight: 700; line-height: 30px; color: rgb(102, 102, 102); margin-right: -10px; margin-left: -10px; font-size: 20px; padding-right: 15px; padding-left: 15px; height: 30px; border-left: 5px solid rgb(101, 211, 45);\">redis</h2><pre style=\"overflow-y: scroll; font-size: 14px; padding: 8px; line-height: 1.42857; background-color: rgb(248, 248, 248); border-width: 0px; border-radius: 0px; max-height: 340px; max-width: 100%;\"><code codemark=\"1\" style=\"padding: 0.5em; color: rgb(51, 51, 51); background: rgb(248, 248, 248); border-radius: 0px; overflow-x: auto;\">spring.redis.database指定连接工厂使用的Database index，默认为: <span style=\"color: rgb(0, 128, 128);\">0</span>\nspring.redis.host指定Redis server host，默认为: localhost\nspring.redis.password指定Redis server的密码\nspring.redis.pool.max-active指定连接池最大的活跃连接数，-<span style=\"color: rgb(0, 128, 128);\">1</span>表示无限，默认为<span style=\"color: rgb(0, 128, 128);\">8</span>\nspring.redis.pool.max-idle指定连接池最大的空闲连接数，-<span style=\"color: rgb(0, 128, 128);\">1</span>表示无限，默认为<span style=\"color: rgb(0, 128, 128);\">8</span>\nspring.redis.pool.max-wait指定当连接池耗尽时，新获取连接需要等待的最大时间，以毫秒单位，-<span style=\"color: rgb(0, 128, 128);\">1</span>表示无限等待\nspring.redis.pool.min-idle指定连接池中空闲连接的最小数量，默认为<span style=\"color: rgb(0, 128, 128);\">0</span>\nspring.redis.port指定redis服务端端口，默认: <span style=\"color: rgb(0, 128, 128);\">6379</span>\nspring.redis.sentinel.master指定redis server的名称\nspring.redis.sentinel.nodes指定sentinel节点，逗号分隔，格式为host:port.\nspring.redis.timeout指定连接超时时间，毫秒单位，默认为<span style=\"color: rgb(0, 128, 128);\">0</span></code></pre><p style=\"margin-top: 0px; color: rgb(102, 102, 102); font-family: -apple-system, &quot;Helvetica Neue&quot;, Helvetica, Arial, &quot;PingFang SC&quot;, &quot;Hiragino Sans GB&quot;, &quot;WenQuanYi Micro Hei&quot;, &quot;Microsoft Yahei&quot;, sans-serif; font-size: 14px;\"></p><p><span id=\"menu_3\" style=\"float: left; line-height: 26.6px; margin-top: -5pc; margin-right: -21px; margin-bottom: 10px; padding-top: 5pc; padding-right: 10px; padding-left: 10px; display: inline-block; color: rgb(102, 102, 102); font-family: -apple-system, &quot;Helvetica Neue&quot;, Helvetica, Arial, &quot;PingFang SC&quot;, &quot;Hiragino Sans GB&quot;, &quot;WenQuanYi Micro Hei&quot;, &quot;Microsoft Yahei&quot;, sans-serif; font-size: 14px;\"></span></p><h2 style=\"font-family: &quot;Microsoft YaHei&quot;; font-weight: 700; line-height: 30px; color: rgb(102, 102, 102); margin-right: -10px; margin-left: -10px; font-size: 20px; padding-right: 15px; padding-left: 15px; height: 30px; border-left: 5px solid rgb(101, 211, 45);\">springdata</h2><pre style=\"overflow-y: scroll; font-size: 14px; padding: 8px; line-height: 1.42857; background-color: rgb(248, 248, 248); border-width: 0px; border-radius: 0px; max-height: 340px; max-width: 100%;\"><code codemark=\"1\" style=\"padding: 0.5em; color: rgb(51, 51, 51); background: rgb(248, 248, 248); border-radius: 0px; overflow-x: auto;\">spring.data.elasticsearch.cluster-name指定es集群名称，默认: elasticsearch\nspring.data.elasticsearch.cluster-nodes指定es的集群，逗号分隔，不指定的话，则启动client node.\nspring.data.elasticsearch.properties指定要配置的es属性.\nspring.data.elasticsearch.repositories.enabled是否开启es存储，默认为: <span style=\"font-weight: bold;\">true</span>\nspring.data.jpa.repositories.enabled是否开启JPA支持，默认为: <span style=\"font-weight: bold;\">true</span>\nspring.data.mongodb.authentication-database指定鉴权的数据库名\nspring.data.mongodb.database指定mongodb数据库名\nspring.data.mongodb.field-naming-strategy指定要使用的FieldNamingStrategy.\nspring.data.mongodb.grid-fs-database指定GridFS database的名称.\nspring.data.mongodb.host指定Mongo server host.\nspring.data.mongodb.password指定Mongo server的密码.\nspring.data.mongodb.port指定Mongo server port.\nspring.data.mongodb.repositories.enabled是否开启mongodb存储，默认为<span style=\"font-weight: bold;\">true</span>\nspring.data.mongodb.uri指定Mongo database URI.默认:mongodb:<span style=\"color: rgb(153, 153, 136); font-style: italic;\">//localhost/test</span>\nspring.data.mongodb.username指定登陆mongodb的用户名.\nspring.data.rest.base-path指定暴露资源的基准路径.\nspring.data.rest.<span style=\"font-weight: bold;\">default</span>-page-size指定每页的大小，默认为: <span style=\"color: rgb(0, 128, 128);\">20</span>\nspring.data.rest.limit-param-name指定limit的参数名，默认为: size\nspring.data.rest.max-page-size指定最大的页数，默认为<span style=\"color: rgb(0, 128, 128);\">1000</span>\nspring.data.rest.page-param-name指定分页的参数名，默认为: page\nspring.data.rest.return-body-on-create当创建完实体之后，是否返回body，默认为<span style=\"font-weight: bold;\">false</span>\nspring.data.rest.return-body-on-update在更新完实体后，是否返回body，默认为<span style=\"font-weight: bold;\">false</span>\nspring.data.rest.sort-param-name指定排序使用的key，默认为: sort\nspring.data.solr.host\n指定Solr host，如果有指定了zk的host的话，则忽略。默认为: http:<span style=\"color: rgb(153, 153, 136); font-style: italic;\">//127.0.0.1:8983/solr</span>\nspring.data.solr.repositories.enabled是否开启Solr repositories，默认为: <span style=\"font-weight: bold;\">true</span>\nspring.data.solr.zk-host指定zk的地址，格式为HOST:PORT.</code></pre>', NULL, 0, 2, 1, 0, 1, 'nosql', 'nosql，redis，elasticsearch', 1, '2019-09-15 11:26:22', '2019-11-17 11:26:22');
INSERT INTO `biz_article` VALUES (7, 'SpringBoot项目实战：集成Mybatis', 1, '', NULL, 0, '<p style=\"margin-top: 0px; color: rgb(102, 102, 102); font-family: -apple-system, &quot;Helvetica Neue&quot;, Helvetica, Arial, &quot;PingFang SC&quot;, &quot;Hiragino Sans GB&quot;, &quot;WenQuanYi Micro Hei&quot;, &quot;Microsoft Yahei&quot;, sans-serif; font-size: 14px;\"><span style=\"font-weight: 700;\">1.构建测试数据库（Mysql）</span></p><pre style=\"overflow-y: scroll; font-size: 14px; padding: 8px; line-height: 1.42857; background-color: rgb(248, 248, 248); border-width: 0px; border-radius: 0px; max-height: 340px; max-width: 100%;\"><code codemark=\"1\" style=\"padding: 0.5em; color: rgb(51, 51, 51); background: rgb(248, 248, 248); border-radius: 0px; overflow-x: auto;\">CREATE TABLE `message` (\n  `ID` <span style=\"font-weight: bold;\">int</span>(<span style=\"color: rgb(0, 128, 128);\">50</span>) NOT NULL AUTO_INCREMENT COMMENT <span style=\"color: rgb(221, 17, 68);\">\'ID\'</span>,\n  `NICK_NAME` varchar(<span style=\"color: rgb(0, 128, 128);\">50</span>) DEFAULT NULL COMMENT <span style=\"color: rgb(221, 17, 68);\">\'昵称\'</span>,\n  `IP` varchar(<span style=\"color: rgb(0, 128, 128);\">50</span>) DEFAULT NULL COMMENT <span style=\"color: rgb(221, 17, 68);\">\'IP\'</span>,\n  `INSERT_TIME` datetime DEFAULT NULL COMMENT <span style=\"color: rgb(221, 17, 68);\">\'提交时间\'</span>,\n  PRIMARY <span style=\"color: rgb(153, 0, 0); font-weight: bold;\">KEY</span> (`ID`)\n) ENGINE=InnoDB AUTO_INCREMENT=<span style=\"color: rgb(0, 128, 128);\">51</span> DEFAULT CHARSET=utf8;</code></pre><p style=\"margin-top: 0px; color: rgb(102, 102, 102); font-family: -apple-system, &quot;Helvetica Neue&quot;, Helvetica, Arial, &quot;PingFang SC&quot;, &quot;Hiragino Sans GB&quot;, &quot;WenQuanYi Micro Hei&quot;, &quot;Microsoft Yahei&quot;, sans-serif; font-size: 14px;\">另附一个批量插入的存储过程</p><pre style=\"overflow-y: scroll; font-size: 14px; padding: 8px; line-height: 1.42857; background-color: rgb(248, 248, 248); border-width: 0px; border-radius: 0px; max-height: 340px; max-width: 100%;\"><code codemark=\"1\" style=\"padding: 0.5em; color: rgb(51, 51, 51); background: rgb(248, 248, 248); border-radius: 0px; overflow-x: auto;\">DELIMITER ;;\nCREATE DEFINER=`root`@`localhost` PROCEDURE `autoInsert`()\nBEGIN\n	DECLARE\n		i INT DEFAULT <span style=\"color: rgb(0, 128, 128);\">0</span> ; -- 开始\n	SET autocommit = <span style=\"color: rgb(0, 128, 128);\">0</span> ; -- 结束\n	WHILE (i &lt; <span style=\"color: rgb(0, 128, 128);\">1000</span>) DO\n		REPLACE INTO <span style=\"color: rgb(153, 0, 0); font-weight: bold;\">message</span> (\n			`ID`,\n			`NICK_NAME`,\n			`IP`,\n			`INSERT_TIME`\n		)\n	<span style=\"color: rgb(153, 0, 0); font-weight: bold;\">VALUE</span>\n		(\n			i,\n			<span style=\"color: rgb(221, 17, 68);\">\'zhangyd\'</span>,\n			<span style=\"color: rgb(221, 17, 68);\">\'127.0.0.1\'</span>,\n			NOW()\n		) ;\n	SET i = i + <span style=\"color: rgb(0, 128, 128);\">1</span> ;\n	END\n	WHILE ;\n	SET autocommit = <span style=\"color: rgb(0, 128, 128);\">1</span> ; COMMIT ;\n	END\n;;\nDELIMITER ;</code></pre><p style=\"margin-top: 0px; color: rgb(102, 102, 102); font-family: -apple-system, &quot;Helvetica Neue&quot;, Helvetica, Arial, &quot;PingFang SC&quot;, &quot;Hiragino Sans GB&quot;, &quot;WenQuanYi Micro Hei&quot;, &quot;Microsoft Yahei&quot;, sans-serif; font-size: 14px;\"><span style=\"font-weight: 700;\">2.pom.xml配置</span></p><pre style=\"overflow-y: scroll; font-size: 14px; padding: 8px; line-height: 1.42857; background-color: rgb(248, 248, 248); border-width: 0px; border-radius: 0px; max-height: 340px; max-width: 100%;\"><code codemark=\"1\" style=\"padding: 0.5em; color: rgb(51, 51, 51); background: rgb(248, 248, 248); border-radius: 0px; overflow-x: auto;\"><span style=\"color: rgb(153, 0, 0); font-weight: bold;\">&lt;?xml version=\"1.0\" encoding=\"UTF-8\"?&gt;</span>\n<span style=\"color: rgb(153, 0, 0); font-weight: bold;\">&lt;project xmlns=\"http://maven.apache.org/POM/4.0.0\"\n         xmlns:xsi=\"http://www.w3.org/2001/XMLSchema-instance\"\n         xsi:schemaLocation=\"http://maven.apache.org/POM/4.0.0 http://maven.apache.org/xsd/maven-4.0.0.xsd\"&gt;</span>\n    <span style=\"color: rgb(153, 0, 0); font-weight: bold;\">&lt;modelVersion&gt;</span><span style=\"color: rgb(0, 0, 128);\">4</span>.0.0&lt;/modelVersion&gt;\n    <span style=\"color: rgb(153, 0, 0); font-weight: bold;\">&lt;groupId&gt;</span><span style=\"color: rgb(0, 0, 128);\">com</span>.blog&lt;/groupId&gt;\n    <span style=\"color: rgb(153, 0, 0); font-weight: bold;\">&lt;artifactId&gt;</span><span style=\"color: rgb(0, 0, 128);\">blog</span>&lt;/artifactId&gt;\n    <span style=\"color: rgb(153, 0, 0); font-weight: bold;\">&lt;version&gt;</span><span style=\"color: rgb(0, 0, 128);\">1</span>.0-SNAPSHOT&lt;/version&gt;\n    <span style=\"color: rgb(153, 0, 0); font-weight: bold;\">&lt;parent&gt;</span>\n        <span style=\"color: rgb(153, 0, 0); font-weight: bold;\">&lt;groupId&gt;</span><span style=\"color: rgb(0, 0, 128);\">org</span>.springframework.boot&lt;/groupId&gt;\n        <span style=\"color: rgb(153, 0, 0); font-weight: bold;\">&lt;artifactId&gt;</span><span style=\"color: rgb(0, 0, 128);\">spring</span>-boot-starter-parent&lt;/artifactId&gt;\n        <span style=\"color: rgb(153, 0, 0); font-weight: bold;\">&lt;version&gt;</span><span style=\"color: rgb(0, 0, 128);\">1</span>.4.0.RELEASE&lt;/version&gt;\n        <span style=\"color: rgb(153, 0, 0); font-weight: bold;\">&lt;relativePath/&gt;</span> <span style=\"color: rgb(153, 0, 0); font-weight: bold;\">&lt;!-- lookup parent from repository --&gt;</span>\n    <span style=\"color: rgb(153, 0, 0); font-weight: bold;\">&lt;/parent&gt;</span>\n    <span style=\"color: rgb(153, 0, 0); font-weight: bold;\">&lt;properties&gt;</span>\n        <span style=\"color: rgb(153, 0, 0); font-weight: bold;\">&lt;project.build.sourceEncoding&gt;</span><span style=\"color: rgb(0, 0, 128);\">UTF</span>-8&lt;/project.build.sourceEncoding&gt;\n        <span style=\"color: rgb(153, 0, 0); font-weight: bold;\">&lt;project.reporting.outputEncoding&gt;</span><span style=\"color: rgb(0, 0, 128);\">UTF</span>-8&lt;/project.reporting.outputEncoding&gt;\n        <span style=\"color: rgb(153, 0, 0); font-weight: bold;\">&lt;java.version&gt;</span><span style=\"color: rgb(0, 0, 128);\">1</span>.7&lt;/java.version&gt;\n    <span style=\"color: rgb(153, 0, 0); font-weight: bold;\">&lt;/properties&gt;</span>\n    <span style=\"color: rgb(153, 0, 0); font-weight: bold;\">&lt;dependencies&gt;</span>\n        <span style=\"color: rgb(153, 0, 0); font-weight: bold;\">&lt;!--支持 Web 应用开发，包含 Tomcat 和 spring-mvc。 --&gt;</span>\n        <span style=\"color: rgb(153, 0, 0); font-weight: bold;\">&lt;dependency&gt;</span>\n            <span style=\"color: rgb(153, 0, 0); font-weight: bold;\">&lt;groupId&gt;</span><span style=\"color: rgb(0, 0, 128);\">org</span>.springframework.boot&lt;/groupId&gt;\n            <span style=\"color: rgb(153, 0, 0); font-weight: bold;\">&lt;artifactId&gt;</span><span style=\"color: rgb(0, 0, 128);\">spring</span>-boot-starter-web&lt;/artifactId&gt;\n        <span style=\"color: rgb(153, 0, 0); font-weight: bold;\">&lt;/dependency&gt;</span>\n        <span style=\"color: rgb(153, 0, 0); font-weight: bold;\">&lt;dependency&gt;</span>\n            <span style=\"color: rgb(153, 0, 0); font-weight: bold;\">&lt;groupId&gt;</span><span style=\"color: rgb(0, 0, 128);\">org</span>.springframework.boot&lt;/groupId&gt;\n            <span style=\"color: rgb(153, 0, 0); font-weight: bold;\">&lt;artifactId&gt;</span><span style=\"color: rgb(0, 0, 128);\">spring</span>-boot-starter-test&lt;/artifactId&gt;\n            <span style=\"color: rgb(153, 0, 0); font-weight: bold;\">&lt;scope&gt;</span><span style=\"color: rgb(0, 0, 128);\">test</span>&lt;/scope&gt;\n        <span style=\"color: rgb(153, 0, 0); font-weight: bold;\">&lt;/dependency&gt;</span>\n        <span style=\"color: rgb(153, 0, 0); font-weight: bold;\">&lt;!--模板引擎--&gt;</span>\n      <span style=\"color: rgb(153, 0, 0); font-weight: bold;\">&lt;!--  &lt;dependency&gt;</span>\n            <span style=\"color: rgb(153, 0, 0); font-weight: bold;\">&lt;groupId&gt;</span><span style=\"color: rgb(0, 0, 128);\">org</span>.springframework.boot&lt;/groupId&gt;\n            <span style=\"color: rgb(153, 0, 0); font-weight: bold;\">&lt;artifactId&gt;</span><span style=\"color: rgb(0, 0, 128);\">spring</span>-boot-starter-thymeleaf&lt;/artifactId&gt;\n        <span style=\"color: rgb(153, 0, 0); font-weight: bold;\">&lt;/dependency&gt;</span>--&gt;\n        <span style=\"color: rgb(153, 0, 0); font-weight: bold;\">&lt;dependency&gt;</span>\n            <span style=\"color: rgb(153, 0, 0); font-weight: bold;\">&lt;groupId&gt;</span><span style=\"color: rgb(0, 0, 128);\">org</span>.springframework.boot&lt;/groupId&gt;\n            <span style=\"color: rgb(153, 0, 0); font-weight: bold;\">&lt;artifactId&gt;</span><span style=\"color: rgb(0, 0, 128);\">spring</span>-boot-starter-freemarker&lt;/artifactId&gt;\n        <span style=\"color: rgb(153, 0, 0); font-weight: bold;\">&lt;/dependency&gt;</span>\n        <span style=\"color: rgb(153, 0, 0); font-weight: bold;\">&lt;!--springboot 集成Mybatis所需jar配置 start--&gt;</span>\n        <span style=\"color: rgb(153, 0, 0); font-weight: bold;\">&lt;!--支持使用 JDBC 访问数据库--&gt;</span>\n        <span style=\"color: rgb(153, 0, 0); font-weight: bold;\">&lt;dependency&gt;</span>\n            <span style=\"color: rgb(153, 0, 0); font-weight: bold;\">&lt;groupId&gt;</span><span style=\"color: rgb(0, 0, 128);\">org</span>.springframework.boot&lt;/groupId&gt;\n            <span style=\"color: rgb(153, 0, 0); font-weight: bold;\">&lt;artifactId&gt;</span><span style=\"color: rgb(0, 0, 128);\">spring</span>-boot-starter-jdbc&lt;/artifactId&gt;\n        <span style=\"color: rgb(153, 0, 0); font-weight: bold;\">&lt;/dependency&gt;</span>\n        <span style=\"color: rgb(153, 0, 0); font-weight: bold;\">&lt;!--Mybatis--&gt;</span>\n        <span style=\"color: rgb(153, 0, 0); font-weight: bold;\">&lt;dependency&gt;</span>\n            <span style=\"color: rgb(153, 0, 0); font-weight: bold;\">&lt;groupId&gt;</span><span style=\"color: rgb(0, 0, 128);\">org</span>.mybatis&lt;/groupId&gt;\n            <span style=\"color: rgb(153, 0, 0); font-weight: bold;\">&lt;artifactId&gt;</span><span style=\"color: rgb(0, 0, 128);\">mybatis</span>-spring&lt;/artifactId&gt;\n            <span style=\"color: rgb(153, 0, 0); font-weight: bold;\">&lt;version&gt;</span><span style=\"color: rgb(0, 0, 128);\">1</span>.2.2&lt;/version&gt;\n        <span style=\"color: rgb(153, 0, 0); font-weight: bold;\">&lt;/dependency&gt;</span>\n        <span style=\"color: rgb(153, 0, 0); font-weight: bold;\">&lt;dependency&gt;</span>\n            <span style=\"color: rgb(153, 0, 0); font-weight: bold;\">&lt;groupId&gt;</span><span style=\"color: rgb(0, 0, 128);\">org</span>.mybatis&lt;/groupId&gt;\n            <span style=\"color: rgb(153, 0, 0); font-weight: bold;\">&lt;artifactId&gt;</span><span style=\"color: rgb(0, 0, 128);\">mybatis</span>&lt;/artifactId&gt;\n            <span style=\"color: rgb(153, 0, 0); font-weight: bold;\">&lt;version&gt;</span><span style=\"color: rgb(0, 0, 128);\">3</span>.2.8&lt;/version&gt;\n        <span style=\"color: rgb(153, 0, 0); font-weight: bold;\">&lt;/dependency&gt;</span>\n        <span style=\"color: rgb(153, 0, 0); font-weight: bold;\">&lt;!--Mysql / DataSource--&gt;</span>\n        <span style=\"color: rgb(153, 0, 0); font-weight: bold;\">&lt;dependency&gt;</span>\n            <span style=\"color: rgb(153, 0, 0); font-weight: bold;\">&lt;groupId&gt;</span><span style=\"color: rgb(0, 0, 128);\">org</span>.apache.tomcat&lt;/groupId&gt;\n            <span style=\"color: rgb(153, 0, 0); font-weight: bold;\">&lt;artifactId&gt;</span><span style=\"color: rgb(0, 0, 128);\">tomcat</span>-jdbc&lt;/artifactId&gt;\n        <span style=\"color: rgb(153, 0, 0); font-weight: bold;\">&lt;/dependency&gt;</span>\n        <span style=\"color: rgb(153, 0, 0); font-weight: bold;\">&lt;dependency&gt;</span>\n            <span style=\"color: rgb(153, 0, 0); font-weight: bold;\">&lt;groupId&gt;</span><span style=\"color: rgb(0, 0, 128);\">mysql</span>&lt;/groupId&gt;\n            <span style=\"color: rgb(153, 0, 0); font-weight: bold;\">&lt;artifactId&gt;</span><span style=\"color: rgb(0, 0, 128);\">mysql</span>-connector-java&lt;/artifactId&gt;\n        <span style=\"color: rgb(153, 0, 0); font-weight: bold;\">&lt;/dependency&gt;</span>\n        <span style=\"color: rgb(153, 0, 0); font-weight: bold;\">&lt;!--springboot 集成Mybatis所需jar配置 end--&gt;</span>\n        <span style=\"color: rgb(153, 0, 0); font-weight: bold;\">&lt;!--Json Support--&gt;</span>\n        <span style=\"color: rgb(153, 0, 0); font-weight: bold;\">&lt;dependency&gt;</span>\n            <span style=\"color: rgb(153, 0, 0); font-weight: bold;\">&lt;groupId&gt;</span><span style=\"color: rgb(0, 0, 128);\">com</span>.alibaba&lt;/groupId&gt;\n            <span style=\"color: rgb(153, 0, 0); font-weight: bold;\">&lt;artifactId&gt;</span><span style=\"color: rgb(0, 0, 128);\">fastjson</span>&lt;/artifactId&gt;\n            <span style=\"color: rgb(153, 0, 0); font-weight: bold;\">&lt;version&gt;</span><span style=\"color: rgb(0, 0, 128);\">1</span>.1.43&lt;/version&gt;\n        <span style=\"color: rgb(153, 0, 0); font-weight: bold;\">&lt;/dependency&gt;</span>\n        <span style=\"color: rgb(153, 0, 0); font-weight: bold;\">&lt;!--springboot中修改完文件后自动reload的插件，修改完文件Ctrl + F9 Make一下就可以--&gt;</span>\n        <span style=\"color: rgb(153, 0, 0); font-weight: bold;\">&lt;dependency&gt;</span>\n            <span style=\"color: rgb(153, 0, 0); font-weight: bold;\">&lt;groupId&gt;</span><span style=\"color: rgb(0, 0, 128);\">org</span>.springframework&lt;/groupId&gt;\n            <span style=\"color: rgb(153, 0, 0); font-weight: bold;\">&lt;artifactId&gt;</span><span style=\"color: rgb(0, 0, 128);\">springloaded</span>&lt;/artifactId&gt;\n            <span style=\"color: rgb(153, 0, 0); font-weight: bold;\">&lt;version&gt;</span><span style=\"color: rgb(0, 0, 128);\">1</span>.2.3.RELEASE&lt;/version&gt;\n        <span style=\"color: rgb(153, 0, 0); font-weight: bold;\">&lt;/dependency&gt;</span>\n        <span style=\"color: rgb(153, 0, 0); font-weight: bold;\">&lt;!--springboot中修改完文件后自动reload的插件 end--&gt;</span>\n    <span style=\"color: rgb(153, 0, 0); font-weight: bold;\">&lt;/dependencies&gt;</span>\n    <span style=\"color: rgb(153, 0, 0); font-weight: bold;\">&lt;build&gt;</span>\n        <span style=\"color: rgb(153, 0, 0); font-weight: bold;\">&lt;plugins&gt;</span>\n            <span style=\"color: rgb(153, 0, 0); font-weight: bold;\">&lt;plugin&gt;</span>\n                <span style=\"color: rgb(153, 0, 0); font-weight: bold;\">&lt;groupId&gt;</span><span style=\"color: rgb(0, 0, 128);\">org</span>.springframework.boot&lt;/groupId&gt;\n                <span style=\"color: rgb(153, 0, 0); font-weight: bold;\">&lt;artifactId&gt;</span><span style=\"color: rgb(0, 0, 128);\">spring</span>-boot-maven-plugin&lt;/artifactId&gt;\n                <span style=\"color: rgb(153, 0, 0); font-weight: bold;\">&lt;dependencies&gt;</span>\n                    <span style=\"color: rgb(153, 0, 0); font-weight: bold;\">&lt;dependency&gt;</span>\n                        <span style=\"color: rgb(153, 0, 0); font-weight: bold;\">&lt;groupId&gt;</span><span style=\"color: rgb(0, 0, 128);\">org</span>.springframework&lt;/groupId&gt;\n                        <span style=\"color: rgb(153, 0, 0); font-weight: bold;\">&lt;artifactId&gt;</span><span style=\"color: rgb(0, 0, 128);\">springloaded</span>&lt;/artifactId&gt;\n                        <span style=\"color: rgb(153, 0, 0); font-weight: bold;\">&lt;version&gt;</span><span style=\"color: rgb(0, 0, 128);\">1</span>.2.3.RELEASE&lt;/version&gt;\n                    <span style=\"color: rgb(153, 0, 0); font-weight: bold;\">&lt;/dependency&gt;</span>\n                <span style=\"color: rgb(153, 0, 0); font-weight: bold;\">&lt;/dependencies&gt;</span>\n            <span style=\"color: rgb(153, 0, 0); font-weight: bold;\">&lt;/plugin&gt;</span>\n        <span style=\"color: rgb(153, 0, 0); font-weight: bold;\">&lt;/plugins&gt;</span>\n    <span style=\"color: rgb(153, 0, 0); font-weight: bold;\">&lt;/build&gt;</span>\n    <span style=\"color: rgb(153, 0, 0); font-weight: bold;\">&lt;!--配置远程仓库地址--&gt;</span>\n    <span style=\"color: rgb(153, 0, 0); font-weight: bold;\">&lt;repositories&gt;</span>\n        <span style=\"color: rgb(153, 0, 0); font-weight: bold;\">&lt;repository&gt;</span>\n            <span style=\"color: rgb(153, 0, 0); font-weight: bold;\">&lt;id&gt;</span><span style=\"color: rgb(0, 0, 128);\">spring</span>-milestone&lt;/id&gt;\n            <span style=\"color: rgb(153, 0, 0); font-weight: bold;\">&lt;url&gt;</span><span style=\"color: rgb(0, 0, 128);\">https</span>://repo.spring.io/libs-release&lt;/url&gt;\n        <span style=\"color: rgb(153, 0, 0); font-weight: bold;\">&lt;/repository&gt;</span>\n    <span style=\"color: rgb(153, 0, 0); font-weight: bold;\">&lt;/repositories&gt;</span>\n    <span style=\"color: rgb(153, 0, 0); font-weight: bold;\">&lt;!--配置远程仓库地址--&gt;</span>\n    <span style=\"color: rgb(153, 0, 0); font-weight: bold;\">&lt;pluginRepositories&gt;</span>\n        <span style=\"color: rgb(153, 0, 0); font-weight: bold;\">&lt;pluginRepository&gt;</span>\n            <span style=\"color: rgb(153, 0, 0); font-weight: bold;\">&lt;id&gt;</span><span style=\"color: rgb(0, 0, 128);\">spring</span>-milestone&lt;/id&gt;\n            <span style=\"color: rgb(153, 0, 0); font-weight: bold;\">&lt;url&gt;</span><span style=\"color: rgb(0, 0, 128);\">https</span>://repo.spring.io/libs-release&lt;/url&gt;\n        <span style=\"color: rgb(153, 0, 0); font-weight: bold;\">&lt;/pluginRepository&gt;</span>\n    <span style=\"color: rgb(153, 0, 0); font-weight: bold;\">&lt;/pluginRepositories&gt;</span>\n<span style=\"color: rgb(153, 0, 0); font-weight: bold;\">&lt;/project&gt;</span></code></pre><p style=\"margin-top: 0px; color: rgb(102, 102, 102); font-family: -apple-system, &quot;Helvetica Neue&quot;, Helvetica, Arial, &quot;PingFang SC&quot;, &quot;Hiragino Sans GB&quot;, &quot;WenQuanYi Micro Hei&quot;, &quot;Microsoft Yahei&quot;, sans-serif; font-size: 14px;\"><span style=\"font-weight: 700;\">3.application.properties文件配置</span></p><pre style=\"overflow-y: scroll; font-size: 14px; padding: 8px; line-height: 1.42857; background-color: rgb(248, 248, 248); border-width: 0px; border-radius: 0px; max-height: 340px; max-width: 100%;\"><code codemark=\"1\" style=\"padding: 0.5em; color: rgb(51, 51, 51); background: rgb(248, 248, 248); border-radius: 0px; overflow-x: auto;\"><span style=\"color: rgb(0, 0, 128);\">spring</span>.datasource.url=jdbc:mysql://localhost:3306/test?useUnicode=true&amp;characterEncoding=utf-8&amp;zeroDateTimeBehavior=convertToNull&amp;allowMultiQueries=true\n<span style=\"color: rgb(0, 0, 128);\">spring</span>.datasource.username=root\n<span style=\"color: rgb(0, 0, 128);\">spring</span>.datasource.password=root\n<span style=\"color: rgb(0, 0, 128);\">spring</span>.datasource.driver-class-name=com.mysql.jdbc.Driver</code></pre><p style=\"margin-top: 0px; color: rgb(102, 102, 102); font-family: -apple-system, &quot;Helvetica Neue&quot;, Helvetica, Arial, &quot;PingFang SC&quot;, &quot;Hiragino Sans GB&quot;, &quot;WenQuanYi Micro Hei&quot;, &quot;Microsoft Yahei&quot;, sans-serif; font-size: 14px;\"><span style=\"font-weight: 700;\">4.SB程序主函数</span></p><pre style=\"overflow-y: scroll; font-size: 14px; padding: 8px; line-height: 1.42857; background-color: rgb(248, 248, 248); border-width: 0px; border-radius: 0px; max-height: 340px; max-width: 100%;\"><code codemark=\"1\" style=\"padding: 0.5em; color: rgb(51, 51, 51); background: rgb(248, 248, 248); border-radius: 0px; overflow-x: auto;\"><span style=\"font-weight: bold;\">package</span> com.blog;\n<span style=\"font-weight: bold;\">import</span> org.apache.ibatis.session.SqlSessionFactory;\n<span style=\"font-weight: bold;\">import</span> org.apache.tomcat.jdbc.pool.DataSource;\n<span style=\"font-weight: bold;\">import</span> org.mybatis.spring.SqlSessionFactoryBean;\n<span style=\"font-weight: bold;\">import</span> org.mybatis.spring.annotation.MapperScan;\n<span style=\"font-weight: bold;\">import</span> org.mybatis.spring.mapper.MapperScannerConfigurer;\n<span style=\"font-weight: bold;\">import</span> org.springframework.beans.factory.annotation.Autowired;\n<span style=\"font-weight: bold;\">import</span> org.springframework.boot.SpringApplication;\n<span style=\"font-weight: bold;\">import</span> org.springframework.boot.autoconfigure.EnableAutoConfiguration;\n<span style=\"font-weight: bold;\">import</span> org.springframework.boot.autoconfigure.SpringBootApplication;\n<span style=\"font-weight: bold;\">import</span> org.springframework.boot.context.properties.ConfigurationProperties;\n<span style=\"font-weight: bold;\">import</span> org.springframework.context.annotation.Bean;\n<span style=\"font-weight: bold;\">import</span> org.springframework.context.annotation.ComponentScan;\n<span style=\"font-weight: bold;\">import</span> org.springframework.core.io.support.PathMatchingResourcePatternResolver;\n<span style=\"font-weight: bold;\">import</span> org.springframework.jdbc.datasource.DataSourceTransactionManager;\n<span style=\"font-weight: bold;\">import</span> org.springframework.transaction.PlatformTransactionManager;\n<span style=\"font-weight: bold;\">import</span> org.springframework.transaction.annotation.EnableTransactionManagement;\n<span style=\"font-weight: bold;\">import</span> org.springframework.web.bind.annotation.RequestMapping;\n<span style=\"font-weight: bold;\">import</span> org.springframework.web.bind.annotation.RestController;\n<span style=\"color: rgb(153, 153, 136); font-style: italic;\">/**\n * blog\n * Created by yadong.zhang on com.blog.application\n * User：yadong.zhang\n * Date：2016/10/20\n * Time：18:15\n */</span>\n<span style=\"color: rgb(153, 153, 136); font-style: italic;\">/**\n * 1).<span style=\"color: rgb(221, 17, 68);\">@SpringBootApplication</span>标注启动配置入口，run()方法会创建一个Spring应用上下文(Application Context)。\n * SpringBoot通过启动内嵌的Servlet容器（默认tomcat）用来处理Http请求。\n * 2).<span style=\"color: rgb(221, 17, 68);\">@RestController</span>是特殊的Controller，他的返回值直接作为Http Response的Body部分返回给浏览器\n * 3).Spring WebMvc框架会将Servlet容器里收到的Http请求根据路径分发到对应的<span style=\"color: rgb(221, 17, 68);\">@Controller</span>下进行处理。\n */</span>\n<span style=\"color: rgb(153, 153, 153); font-weight: bold;\">@EnableAutoConfiguration</span>\n<span style=\"color: rgb(153, 153, 153); font-weight: bold;\">@SpringBootApplication</span>\n<span style=\"color: rgb(153, 153, 153); font-weight: bold;\">@ComponentScan</span>\n<span style=\"color: rgb(153, 153, 136); font-style: italic;\">//指定扫描的mapper接口所在的包</span>\n<span style=\"color: rgb(153, 153, 153); font-weight: bold;\">@MapperScan</span>(<span style=\"color: rgb(221, 17, 68);\">\"com.blog.mapper\"</span>)\n<span style=\"color: rgb(153, 153, 136); font-style: italic;\">//启动注解事务管理</span>\n<span style=\"color: rgb(153, 153, 153); font-weight: bold;\">@EnableTransactionManagement</span>\n<span style=\"color: rgb(153, 153, 136); font-style: italic;\">//@RestController</span>\n<span style=\"font-weight: bold;\">public</span> <span style=\"font-weight: bold;\">class</span> <span style=\"color: rgb(68, 85, 136); font-weight: bold;\">Applaction</span> {\n    \n    <span style=\"font-weight: bold;\">private</span> <span style=\"font-weight: bold;\">static</span> <span style=\"font-weight: bold;\">final</span> String TYPE_ALIASES_PACKAGE = <span style=\"color: rgb(221, 17, 68);\">\"com.blog.model\"</span>;\n    <span style=\"font-weight: bold;\">private</span> <span style=\"font-weight: bold;\">static</span> <span style=\"font-weight: bold;\">final</span> String MAPPER_LOCATION = <span style=\"color: rgb(221, 17, 68);\">\"classpath:/mybatis/*.xml\"</span>;\n    <span style=\"color: rgb(153, 153, 153); font-weight: bold;\">@Bean</span>\n    <span style=\"color: rgb(153, 153, 153); font-weight: bold;\">@Autowired</span>\n    <span style=\"font-weight: bold;\">public</span> SqlSessionFactory <span style=\"color: rgb(153, 0, 0); font-weight: bold;\">sqlSessionFactory</span>(DataSource dataSource) <span style=\"font-weight: bold;\">throws</span> Exception {\n        <span style=\"font-weight: bold;\">final</span> SqlSessionFactoryBean sqlSessionFactoryBean = <span style=\"font-weight: bold;\">new</span> SqlSessionFactoryBean();\n        sqlSessionFactoryBean.setDataSource(dataSource);\n        <span style=\"color: rgb(153, 153, 136); font-style: italic;\">//mybatis.typeAliasesPackage：指定domain类的基包，即指定其在*Mapper.xml文件中可以使用简名来代替全类名（看后边的UserMapper.xml介绍）</span>\n        sqlSessionFactoryBean.setTypeAliasesPackage(TYPE_ALIASES_PACKAGE);\n        <span style=\"color: rgb(153, 153, 136); font-style: italic;\">/*\n            mybatis.mapperLocations：指定*Mapper.xml的位置\n            如果不加会报org.apache.ibatis.binding.BindingException: Invalid bound statement (not found): com.blog.mapper.MessageMapper.findMessageInfo异常\n            因为找不到*Mapper.xml，也就无法映射mapper中的接口方法。\n         */</span>\n        sqlSessionFactoryBean.setMapperLocations(<span style=\"font-weight: bold;\">new</span> PathMatchingResourcePatternResolver().getResources(MAPPER_LOCATION));\n        <span style=\"font-weight: bold;\">return</span> sqlSessionFactoryBean.getObject();\n    }\n    <span style=\"font-weight: bold;\">public</span> <span style=\"font-weight: bold;\">static</span> <span style=\"font-weight: bold;\">void</span> <span style=\"color: rgb(153, 0, 0); font-weight: bold;\">main</span>(String[] args) {\n        SpringApplication.run(Applaction.class, args);\n    }\n}</code></pre><p style=\"margin-top: 0px; color: rgb(102, 102, 102); font-family: -apple-system, &quot;Helvetica Neue&quot;, Helvetica, Arial, &quot;PingFang SC&quot;, &quot;Hiragino Sans GB&quot;, &quot;WenQuanYi Micro Hei&quot;, &quot;Microsoft Yahei&quot;, sans-serif; font-size: 14px;\">注：<span style=\"background-color: rgb(248, 248, 248); color: rgb(51, 51, 51); font-family: Menlo, Monaco, Consolas, &quot;Courier New&quot;, monospace; font-size: inherit; white-space: pre-wrap;\">sqlSessionFactoryBean.setMapperLocations(new PathMatchingResourcePatternResolver().getResources(MAPPER_LOCATION));</span>这一句话一定要有，就是指定程序去哪儿查找Mapper.xml文件</p><p style=\"margin-top: 0px; color: rgb(102, 102, 102); font-family: -apple-system, &quot;Helvetica Neue&quot;, Helvetica, Arial, &quot;PingFang SC&quot;, &quot;Hiragino Sans GB&quot;, &quot;WenQuanYi Micro Hei&quot;, &quot;Microsoft Yahei&quot;, sans-serif; font-size: 14px;\"><span style=\"font-weight: 700;\">5.Mapper接口、Mapper.xml</span></p><pre style=\"overflow-y: scroll; font-size: 14px; padding: 8px; line-height: 1.42857; background-color: rgb(248, 248, 248); border-width: 0px; border-radius: 0px; max-height: 340px; max-width: 100%;\"><code codemark=\"1\" style=\"padding: 0.5em; color: rgb(51, 51, 51); background: rgb(248, 248, 248); border-radius: 0px; overflow-x: auto;\"><span style=\"font-weight: bold;\">package</span> com.blog.mapper;\n<span style=\"font-weight: bold;\">import</span> com.blog.model.Message;\n<span style=\"font-weight: bold;\">import</span> org.springframework.stereotype.Repository;\n<span style=\"font-weight: bold;\">import</span> java.util.List;\n<span style=\"color: rgb(153, 153, 136); font-style: italic;\">/**\n * blog\n * Created by yadong.zhang on com.blog.mapper\n * User：yadong.zhang\n * Date：2016/10/21\n * Time：11:19\n */</span>\n<span style=\"color: rgb(153, 153, 153); font-weight: bold;\">@Repository</span>\n<span style=\"font-weight: bold;\">public</span> <span style=\"font-weight: bold;\">interface</span> <span style=\"color: rgb(68, 85, 136); font-weight: bold;\">MessageMapper</span>{\n    <span style=\"font-weight: bold;\">public</span> List&lt;Message&gt; <span style=\"color: rgb(153, 0, 0); font-weight: bold;\">findMessageInfo</span>();\n}</code></pre><pre style=\"overflow-y: scroll; font-size: 14px; padding: 8px; line-height: 1.42857; background-color: rgb(248, 248, 248); border-width: 0px; border-radius: 0px; max-height: 340px; max-width: 100%;\"><code codemark=\"1\" style=\"padding: 0.5em; color: rgb(51, 51, 51); background: rgb(248, 248, 248); border-radius: 0px; overflow-x: auto;\">&lt;?xml version=<span style=\"color: rgb(221, 17, 68);\">\"1.0\"</span> encoding=<span style=\"color: rgb(221, 17, 68);\">\"UTF-8\"</span>?&gt;\n&lt;!DOCTYPE mapper PUBLIC <span style=\"color: rgb(221, 17, 68);\">\"-//mybatis.org//DTD Mapper 3.0//EN\"</span> <span style=\"color: rgb(221, 17, 68);\">\"http://mybatis.org/dtd/mybatis-3-mapper.dtd\"</span>&gt;\n&lt;mapper namespace=<span style=\"color: rgb(221, 17, 68);\">\"com.blog.mapper.MessageMapper\"</span>&gt;\n    &lt;resultMap id=<span style=\"color: rgb(221, 17, 68);\">\"message_map\"</span> type=<span style=\"color: rgb(221, 17, 68);\">\"com.blog.model.Message\"</span>&gt;\n        &lt;id property=<span style=\"color: rgb(221, 17, 68);\">\"id\"</span> column=<span style=\"color: rgb(221, 17, 68);\">\"ID\"</span> jdbcType=<span style=\"color: rgb(221, 17, 68);\">\"INTEGER\"</span>&gt;&lt;/id&gt;\n        &lt;result property=<span style=\"color: rgb(221, 17, 68);\">\"ip\"</span> column=<span style=\"color: rgb(221, 17, 68);\">\"IP\"</span> jdbcType=<span style=\"color: rgb(221, 17, 68);\">\"VARCHAR\"</span>&gt;&lt;/result&gt;\n        &lt;result property=<span style=\"color: rgb(221, 17, 68);\">\"insertDate\"</span> column=<span style=\"color: rgb(221, 17, 68);\">\"INSERT_TIME\"</span> jdbcType=<span style=\"color: rgb(221, 17, 68);\">\"DATE\"</span>&gt;&lt;/result&gt;\n        &lt;result property=<span style=\"color: rgb(221, 17, 68);\">\"nickName\"</span> column=<span style=\"color: rgb(221, 17, 68);\">\"NICK_NAME\"</span> jdbcType=<span style=\"color: rgb(221, 17, 68);\">\"VARCHAR\"</span>&gt;&lt;/result&gt;\n    &lt;/resultMap&gt;\n    &lt;select id=<span style=\"color: rgb(221, 17, 68);\">\"findMessageInfo\"</span> resultMap=<span style=\"color: rgb(221, 17, 68);\">\"message_map\"</span>&gt;\n        select * from message\n    &lt;/select&gt;\n&lt;/mapper&gt;</code></pre><p style=\"margin-top: 0px; color: rgb(102, 102, 102); font-family: -apple-system, &quot;Helvetica Neue&quot;, Helvetica, Arial, &quot;PingFang SC&quot;, &quot;Hiragino Sans GB&quot;, &quot;WenQuanYi Micro Hei&quot;, &quot;Microsoft Yahei&quot;, sans-serif; font-size: 14px;\"><span style=\"font-weight: 700;\">6.Controller(中间还有Service层以及其实现，此处略)</span></p><pre style=\"overflow-y: scroll; font-size: 14px; padding: 8px; line-height: 1.42857; background-color: rgb(248, 248, 248); border-width: 0px; border-radius: 0px; max-height: 340px; max-width: 100%;\"><code codemark=\"1\" style=\"padding: 0.5em; color: rgb(51, 51, 51); background: rgb(248, 248, 248); border-radius: 0px; overflow-x: auto;\"><span style=\"font-weight: bold;\">package</span> com.blog.controller;\n<span style=\"font-weight: bold;\">import</span> com.blog.service.IMessageService;\n<span style=\"font-weight: bold;\">import</span> org.springframework.stereotype.Controller;\n<span style=\"font-weight: bold;\">import</span> org.springframework.ui.Model;\n<span style=\"font-weight: bold;\">import</span> org.springframework.web.bind.annotation.PathVariable;\n<span style=\"font-weight: bold;\">import</span> org.springframework.web.bind.annotation.RequestMapping;\n<span style=\"font-weight: bold;\">import</span> org.springframework.web.bind.annotation.ResponseBody;\n<span style=\"font-weight: bold;\">import</span> javax.annotation.Resource;\n<span style=\"font-weight: bold;\">import</span> java.util.Date;\n<span style=\"font-weight: bold;\">import</span> java.util.HashMap;\n<span style=\"font-weight: bold;\">import</span> java.util.Map;\n<span style=\"color: rgb(153, 153, 136); font-style: italic;\">/**\n * blog\n * Created by yadong.zhang on com.blog.controller\n * User：yadong.zhang\n * Date：2016/10/20\n * Time：18:26\n */</span>\n<span style=\"color: rgb(153, 153, 153); font-weight: bold;\">@Controller</span>\n<span style=\"font-weight: bold;\">public</span> <span style=\"font-weight: bold;\">class</span> <span style=\"color: rgb(68, 85, 136); font-weight: bold;\">HelloController</span> {\n    <span style=\"color: rgb(153, 153, 153); font-weight: bold;\">@Resource</span>\n    <span style=\"font-weight: bold;\">private</span> IMessageService messageService;\n    <span style=\"color: rgb(153, 153, 153); font-weight: bold;\">@RequestMapping</span>(<span style=\"color: rgb(221, 17, 68);\">\"/message\"</span>)\n    <span style=\"font-weight: bold;\">public</span> String <span style=\"color: rgb(153, 0, 0); font-weight: bold;\">message</span>(Model model){\n        model.addAttribute(<span style=\"color: rgb(221, 17, 68);\">\"messages\"</span>, messageService.findMessageInfo());\n        <span style=\"font-weight: bold;\">return</span> <span style=\"color: rgb(221, 17, 68);\">\"message\"</span>;\n    }\n}</code></pre><p style=\"margin-top: 0px; color: rgb(102, 102, 102); font-family: -apple-system, &quot;Helvetica Neue&quot;, Helvetica, Arial, &quot;PingFang SC&quot;, &quot;Hiragino Sans GB&quot;, &quot;WenQuanYi Micro Hei&quot;, &quot;Microsoft Yahei&quot;, sans-serif; font-size: 14px;\"><span style=\"font-weight: 700;\">8.测试效果</span></p><p style=\"margin-top: 0px; color: rgb(102, 102, 102); font-family: -apple-system, &quot;Helvetica Neue&quot;, Helvetica, Arial, &quot;PingFang SC&quot;, &quot;Hiragino Sans GB&quot;, &quot;WenQuanYi Micro Hei&quot;, &quot;Microsoft Yahei&quot;, sans-serif; font-size: 14px;\"><img src=\"http://cdn.zhyd.me/flyat/article/20161209095327640.png\" alt=\"flyat 文章图片\"><br></p><p><br></p>', NULL, 0, 2, 1, 0, 1, 'springboot集成mybatis', 'mybatis，springboot', 1, '2019-10-19 11:32:07', '2019-11-17 11:32:07');
INSERT INTO `biz_article` VALUES (8, 'Centos7下jdk、mysql、nginx、redis安装简介', 1, '', NULL, 0, '<h2 style=\"font-family: &quot;Microsoft YaHei&quot;; font-weight: 700; line-height: 30px; color: rgb(102, 102, 102); margin-right: -10px; margin-left: -10px; font-size: 20px; padding-right: 15px; padding-left: 15px; height: 30px; border-left: 5px solid rgb(101, 211, 45);\">一.JDK</h2><pre style=\"font-size: 14px; padding: 8px; line-height: 1.42857; background-color: rgb(248, 248, 248); border-width: 0px; border-radius: 0px;\"><code style=\"padding: 0px; background-color: transparent; border-radius: 0px;\"><p style=\"margin-top: 0px;\"># jdk<br>yum search java | grep -i --color JDK <br>yum install java-1.8.0-openjdk  java-1.8.0-openjdk-devel <br>cd /usr/lib/jvm/<br>cd java-1.8.0-openjdk-1.8.0.161-0.b14.el7_4.x86_64/\n<br># 配置环境变量<br>vim /etc/profile\n<br># 在文件最后面添加如下三行内容（具体路径根据自己的实际情况确定）\nexport JAVA_HOME=/usr/lib/jvm/java-1.8.0-openjdk-1.8.0.161-0.b14.el7_4.x86_64\nexport CLASSPATH=.:$JAVA_HOME/jre/lib/rt.jar:$JAVA_HOME/lib/dt.jar:$JAVA_HOME/lib/tools.jar\nexport PATH=$PATH:$JAVA_HOME/bin\n<br># 使配置文件即时生效\nsource /etc/profile\n<br># 检查jdk是否安装按成\njava -version<br></p></code></pre><p><span id=\"menu_1\" style=\"float: left; line-height: 26.6px; margin-top: -5pc; margin-right: -21px; margin-bottom: 10px; padding-top: 5pc; padding-right: 10px; padding-left: 10px; display: inline-block; color: rgb(102, 102, 102); font-family: -apple-system, &quot;Helvetica Neue&quot;, Helvetica, Arial, &quot;PingFang SC&quot;, &quot;Hiragino Sans GB&quot;, &quot;WenQuanYi Micro Hei&quot;, &quot;Microsoft Yahei&quot;, sans-serif; font-size: 14px;\"></span></p><h2 style=\"font-family: &quot;Microsoft YaHei&quot;; font-weight: 700; line-height: 30px; color: rgb(102, 102, 102); margin-right: -10px; margin-left: -10px; font-size: 20px; padding-right: 15px; padding-left: 15px; height: 30px; border-left: 5px solid rgb(101, 211, 45);\">二.MySQL</h2><pre style=\"font-size: 14px; padding: 8px; line-height: 1.42857; background-color: rgb(248, 248, 248); border-width: 0px; border-radius: 0px;\"><code style=\"padding: 0px; background-color: transparent; border-radius: 0px;\"><p style=\"margin-top: 0px;\"># mysql\nrpm -Uvh http://dev.mysql.com/get/mysql-community-release-el7-5.noarch.rpm\nyum repolist enabled | grep \"mysql.*\"\nyum -y install mysql-community-server</p><p style=\"margin-top: 0px;\"># 常用操作命令\nsystemctl enable mysqld\nsystemctl start mysqld\nsystemctl status mysqld.service</p></code></pre><p><span id=\"menu_2\" style=\"float: left; line-height: 26.6px; margin-top: -5pc; margin-right: -21px; margin-bottom: 10px; padding-top: 5pc; padding-right: 10px; padding-left: 10px; display: inline-block; color: rgb(102, 102, 102); font-family: -apple-system, &quot;Helvetica Neue&quot;, Helvetica, Arial, &quot;PingFang SC&quot;, &quot;Hiragino Sans GB&quot;, &quot;WenQuanYi Micro Hei&quot;, &quot;Microsoft Yahei&quot;, sans-serif; font-size: 14px;\"></span></p><h2 style=\"font-family: &quot;Microsoft YaHei&quot;; font-weight: 700; line-height: 30px; color: rgb(102, 102, 102); margin-right: -10px; margin-left: -10px; font-size: 20px; padding-right: 15px; padding-left: 15px; height: 30px; border-left: 5px solid rgb(101, 211, 45);\">三.iptables</h2><pre style=\"font-size: 14px; padding: 8px; line-height: 1.42857; background-color: rgb(248, 248, 248); border-width: 0px; border-radius: 0px;\"><code style=\"padding: 0px; background-color: transparent; border-radius: 0px;\"><p style=\"margin-top: 0px;\"># iptables\n<br># 停止firewalld\nsystemctl stop firewalld\n# 屏蔽firewalld\nsystemctl mask firewalld\n<br>yum install iptables-services\n<br># 启用iptables\nsystemctl enable iptables\n<br>systemctl start iptables\nservice iptables save\n<br># 配置iptables规则\nvim /etc/sysconfig/iptables\n    -A INPUT -m state --state NEW -m tcp -p tcp --dport 80 -j ACCEPT\n    -A INPUT -m state --state NEW -m tcp -p tcp --dport 443 -j ACCEPT\n# 重启iptables\nsystemctl restart iptables</p></code></pre><p><span id=\"menu_3\" style=\"float: left; line-height: 26.6px; margin-top: -5pc; margin-right: -21px; margin-bottom: 10px; padding-top: 5pc; padding-right: 10px; padding-left: 10px; display: inline-block; color: rgb(102, 102, 102); font-family: -apple-system, &quot;Helvetica Neue&quot;, Helvetica, Arial, &quot;PingFang SC&quot;, &quot;Hiragino Sans GB&quot;, &quot;WenQuanYi Micro Hei&quot;, &quot;Microsoft Yahei&quot;, sans-serif; font-size: 14px;\"></span></p><h2 style=\"font-family: &quot;Microsoft YaHei&quot;; font-weight: 700; line-height: 30px; color: rgb(102, 102, 102); margin-right: -10px; margin-left: -10px; font-size: 20px; padding-right: 15px; padding-left: 15px; height: 30px; border-left: 5px solid rgb(101, 211, 45);\">四.Nginx</h2><pre style=\"font-size: 14px; padding: 8px; line-height: 1.42857; background-color: rgb(248, 248, 248); border-width: 0px; border-radius: 0px;\"><code style=\"padding: 0px; background-color: transparent; border-radius: 0px;\"><p style=\"margin-top: 0px;\"># nginx\nrpm -ivh http://nginx.org/packages/centos/7/noarch/RPMS/nginx-release-centos-7-0.el7.ngx.noarch.rpm\nyum info nginx\nyum install nginx</p></code></pre><h2 style=\"font-family: &quot;Microsoft YaHei&quot;; font-weight: 700; line-height: 30px; color: rgb(102, 102, 102); margin-right: -10px; margin-left: -10px; font-size: 20px; padding-right: 15px; padding-left: 15px; height: 30px; border-left: 5px solid rgb(101, 211, 45);\">五.redis</h2><pre style=\"font-size: 14px; padding: 8px; line-height: 1.42857; background-color: rgb(248, 248, 248); border-width: 0px; border-radius: 0px;\"><code style=\"padding: 0px; background-color: transparent; border-radius: 0px;\"><br></code></pre><pre style=\"font-size: 14px; padding: 8px; line-height: 1.42857; background-color: rgb(248, 248, 248); border-width: 0px; border-radius: 0px;\"><code style=\"padding: 0px; background-color: transparent; border-radius: 0px;\"><p style=\"margin-top: 0px;\"># redis\nyum install epel-release &amp;&amp; yum install redis\ncp /etc/redis.conf /etc/redis.conf.back</p><p style=\"margin-top: 0px;\"># 配置redis密码（强烈建议）\nvim  /etc/redis.conf</p><p style=\"margin-top: 0px;\"># 在配置文件中找到requirepass，将前面的#号注释放开，后面填上自己的redis密码，保存文件，重启redis即可\nrequirepass password\nservice redis start</p></code></pre>', NULL, 0, 2, 1, 0, 1, 'centos7下jdk、mysql、iptables、nginx、redis的安装', 'jdk、mysql、iptables、nginx、redis', 1, '2019-11-05 11:36:11', '2019-11-17 11:43:42');
COMMIT;

-- ----------------------------
-- Table structure for biz_article_look
-- ----------------------------
DROP TABLE IF EXISTS `biz_article_look`;
CREATE TABLE `biz_article_look` (
  `id` bigint(20) unsigned NOT NULL AUTO_INCREMENT,
  `article_id` bigint(20) unsigned NOT NULL COMMENT '文章ID',
  `user_id` bigint(20) unsigned DEFAULT NULL COMMENT '已登录用户ID',
  `user_ip` varchar(50) DEFAULT NULL COMMENT '用户IP',
  `look_time` datetime DEFAULT CURRENT_TIMESTAMP COMMENT '浏览时间',
  `create_time` datetime DEFAULT CURRENT_TIMESTAMP COMMENT '添加时间',
  `update_time` datetime DEFAULT CURRENT_TIMESTAMP COMMENT '更新时间',
  PRIMARY KEY (`id`) USING BTREE
) ENGINE=InnoDB AUTO_INCREMENT=6 DEFAULT CHARSET=utf8 ROW_FORMAT=COMPACT;

-- ----------------------------
-- Records of biz_article_look
-- ----------------------------
BEGIN;
INSERT INTO `biz_article_look` VALUES (1, 2, NULL, '0:0:0:0:0:0:0:1', '2019-11-17 10:16:48', '2019-11-17 10:16:48', '2019-11-17 10:16:48');
INSERT INTO `biz_article_look` VALUES (3, 2, NULL, '0:0:0:0:0:0:0:1', '2019-11-17 10:59:19', '2019-11-17 10:59:19', '2019-11-17 10:59:19');
INSERT INTO `biz_article_look` VALUES (5, 8, NULL, '0:0:0:0:0:0:0:1', '2019-11-17 11:43:50', '2019-11-17 11:43:50', '2019-11-17 11:43:50');
COMMIT;

-- ----------------------------
-- Table structure for biz_article_love
-- ----------------------------
DROP TABLE IF EXISTS `biz_article_love`;
CREATE TABLE `biz_article_love` (
  `id` bigint(20) unsigned NOT NULL AUTO_INCREMENT,
  `article_id` bigint(20) unsigned NOT NULL COMMENT '文章ID',
  `user_id` bigint(20) unsigned DEFAULT NULL COMMENT '已登录用户ID',
  `user_ip` varchar(50) DEFAULT NULL COMMENT '用户IP',
  `love_time` datetime DEFAULT NULL COMMENT '浏览时间',
  `create_time` datetime DEFAULT CURRENT_TIMESTAMP COMMENT '添加时间',
  `update_time` datetime DEFAULT CURRENT_TIMESTAMP COMMENT '更新时间',
  PRIMARY KEY (`id`) USING BTREE
) ENGINE=InnoDB DEFAULT CHARSET=utf8 ROW_FORMAT=COMPACT;

-- ----------------------------
-- Table structure for biz_article_tags
-- ----------------------------
DROP TABLE IF EXISTS `biz_article_tags`;
CREATE TABLE `biz_article_tags` (
  `id` bigint(20) unsigned NOT NULL AUTO_INCREMENT,
  `tag_id` bigint(20) unsigned NOT NULL COMMENT '标签表主键',
  `article_id` bigint(20) unsigned NOT NULL COMMENT '文章ID',
  `create_time` datetime DEFAULT CURRENT_TIMESTAMP COMMENT '添加时间',
  `update_time` datetime DEFAULT CURRENT_TIMESTAMP COMMENT '更新时间',
  PRIMARY KEY (`id`) USING BTREE
) ENGINE=InnoDB AUTO_INCREMENT=27 DEFAULT CHARSET=utf8 ROW_FORMAT=COMPACT;

-- ----------------------------
-- Records of biz_article_tags
-- ----------------------------
BEGIN;
INSERT INTO `biz_article_tags` VALUES (8, 3, 2, '2019-11-17 11:00:34', '2019-11-17 11:00:34');
INSERT INTO `biz_article_tags` VALUES (9, 4, 2, '2019-11-17 11:00:34', '2019-11-17 11:00:34');
INSERT INTO `biz_article_tags` VALUES (10, 2, 2, '2019-11-17 11:00:34', '2019-11-17 11:00:34');
INSERT INTO `biz_article_tags` VALUES (11, 2, 3, '2019-11-17 11:06:48', '2019-11-17 11:06:48');
INSERT INTO `biz_article_tags` VALUES (12, 2, 4, '2019-11-17 11:16:42', '2019-11-17 11:16:42');
INSERT INTO `biz_article_tags` VALUES (13, 4, 4, '2019-11-17 11:16:42', '2019-11-17 11:16:42');
INSERT INTO `biz_article_tags` VALUES (14, 2, 5, '2019-11-17 11:20:38', '2019-11-17 11:20:38');
INSERT INTO `biz_article_tags` VALUES (15, 4, 5, '2019-11-17 11:20:38', '2019-11-17 11:20:38');
INSERT INTO `biz_article_tags` VALUES (16, 2, 6, '2019-11-17 11:26:22', '2019-11-17 11:26:22');
INSERT INTO `biz_article_tags` VALUES (17, 4, 6, '2019-11-17 11:26:22', '2019-11-17 11:26:22');
INSERT INTO `biz_article_tags` VALUES (18, 4, 7, '2019-11-17 11:32:07', '2019-11-17 11:32:07');
INSERT INTO `biz_article_tags` VALUES (19, 2, 7, '2019-11-17 11:32:07', '2019-11-17 11:32:07');
INSERT INTO `biz_article_tags` VALUES (24, 1, 8, '2019-11-17 11:43:42', '2019-11-17 11:43:42');
INSERT INTO `biz_article_tags` VALUES (25, 6, 8, '2019-11-17 11:43:42', '2019-11-17 11:43:42');
INSERT INTO `biz_article_tags` VALUES (26, 7, 8, '2019-11-17 11:43:42', '2019-11-17 11:43:42');
COMMIT;

-- ----------------------------
-- Table structure for biz_comment
-- ----------------------------
DROP TABLE IF EXISTS `biz_comment`;
CREATE TABLE `biz_comment` (
  `id` bigint(20) unsigned NOT NULL AUTO_INCREMENT,
  `sid` bigint(20) DEFAULT NULL COMMENT '被评论的文章或者页面的ID',
  `user_id` bigint(20) unsigned DEFAULT NULL COMMENT '评论人的ID',
  `pid` bigint(20) unsigned DEFAULT NULL COMMENT '父级评论的id',
  `qq` varchar(13) COLLATE utf8mb4_unicode_ci DEFAULT NULL COMMENT '评论人的QQ（未登录用户）',
  `nickname` varchar(13) COLLATE utf8mb4_unicode_ci DEFAULT NULL COMMENT '评论人的昵称（未登录用户）',
  `avatar` varchar(255) COLLATE utf8mb4_unicode_ci DEFAULT NULL COMMENT '评论人的头像地址',
  `email` varchar(100) COLLATE utf8mb4_unicode_ci DEFAULT NULL COMMENT '评论人的邮箱地址（未登录用户）',
  `url` varchar(200) COLLATE utf8mb4_unicode_ci DEFAULT NULL COMMENT '评论人的网站地址（未登录用户）',
  `status` enum('VERIFYING','APPROVED','REJECT','DELETED') COLLATE utf8mb4_unicode_ci DEFAULT 'VERIFYING' COMMENT '评论的状态',
  `ip` varchar(64) COLLATE utf8mb4_unicode_ci DEFAULT NULL COMMENT '评论时的ip',
  `lng` varchar(50) COLLATE utf8mb4_unicode_ci DEFAULT NULL COMMENT '经度',
  `lat` varchar(50) COLLATE utf8mb4_unicode_ci DEFAULT NULL COMMENT '纬度',
  `address` varchar(100) COLLATE utf8mb4_unicode_ci DEFAULT NULL COMMENT '评论时的地址',
  `os` varchar(64) COLLATE utf8mb4_unicode_ci DEFAULT NULL COMMENT '评论时的系统类型',
  `os_short_name` varchar(10) COLLATE utf8mb4_unicode_ci DEFAULT NULL COMMENT '评论时的系统的简称',
  `browser` varchar(64) COLLATE utf8mb4_unicode_ci DEFAULT NULL COMMENT '评论时的浏览器类型',
  `browser_short_name` varchar(10) COLLATE utf8mb4_unicode_ci DEFAULT NULL COMMENT '评论时的浏览器的简称',
  `content` varchar(2000) COLLATE utf8mb4_unicode_ci DEFAULT NULL COMMENT '评论的内容',
  `remark` varchar(100) COLLATE utf8mb4_unicode_ci DEFAULT NULL COMMENT '备注（审核不通过时添加）',
  `support` int(10) unsigned DEFAULT '0' COMMENT '支持（赞）',
  `oppose` int(10) unsigned DEFAULT '0' COMMENT '反对（踩）',
  `create_time` datetime DEFAULT CURRENT_TIMESTAMP COMMENT '添加时间',
  `update_time` datetime DEFAULT CURRENT_TIMESTAMP COMMENT '更新时间',
  PRIMARY KEY (`id`) USING BTREE
) ENGINE=InnoDB AUTO_INCREMENT=2 DEFAULT CHARSET=utf8mb4 COLLATE=utf8mb4_unicode_ci ROW_FORMAT=COMPACT;

-- ----------------------------
-- Records of biz_comment
-- ----------------------------
BEGIN;
INSERT INTO `biz_comment` VALUES (1, 1, NULL, 0, '1696113170', '北遇', 'https://q1.qlogo.cn/g?b=qq&nk=1696113170&s=40', '1696113170@qq.com', 'https://www.zhyd.me', 'VERIFYING', '0:0:0:0:0:0:0:1', NULL, NULL, '未知', 'Windows 7', NULL, 'Chrome 65.0.3325.146', NULL, '<p>测试评论</p>', NULL, 0, 0, '2019-07-25 20:33:11', '2019-07-25 20:33:11');
COMMIT;

-- ----------------------------
-- Table structure for biz_file
-- ----------------------------
DROP TABLE IF EXISTS `biz_file`;
CREATE TABLE `biz_file` (
  `id` int(11) unsigned NOT NULL AUTO_INCREMENT,
  `user_id` int(11) unsigned DEFAULT NULL,
  `storage_type` varchar(20) COLLATE utf8mb4_unicode_ci DEFAULT NULL,
  `original_file_name` varchar(255) COLLATE utf8mb4_unicode_ci DEFAULT NULL,
  `size` bigint(20) unsigned DEFAULT NULL,
  `suffix` varchar(20) COLLATE utf8mb4_unicode_ci DEFAULT NULL,
  `width` int(10) unsigned DEFAULT NULL,
  `height` int(10) unsigned DEFAULT NULL,
  `file_path` varchar(255) COLLATE utf8mb4_unicode_ci DEFAULT NULL,
  `full_file_path` varchar(255) COLLATE utf8mb4_unicode_ci DEFAULT NULL,
  `file_hash` varchar(255) COLLATE utf8mb4_unicode_ci DEFAULT NULL,
  `upload_type` varchar(255) COLLATE utf8mb4_unicode_ci DEFAULT NULL,
  `upload_start_time` datetime DEFAULT NULL,
  `upload_end_time` datetime DEFAULT NULL,
  `create_time` datetime DEFAULT NULL,
  `update_time` datetime DEFAULT NULL,
  PRIMARY KEY (`id`) USING BTREE
) ENGINE=InnoDB DEFAULT CHARSET=utf8mb4 COLLATE=utf8mb4_unicode_ci ROW_FORMAT=COMPACT;

-- ----------------------------
-- Table structure for biz_tags
-- ----------------------------
DROP TABLE IF EXISTS `biz_tags`;
CREATE TABLE `biz_tags` (
  `id` bigint(20) unsigned NOT NULL AUTO_INCREMENT,
  `name` varchar(50) NOT NULL COMMENT '书签名',
  `description` varchar(100) DEFAULT NULL COMMENT '描述',
  `create_time` datetime DEFAULT CURRENT_TIMESTAMP COMMENT '添加时间',
  `update_time` datetime DEFAULT CURRENT_TIMESTAMP COMMENT '更新时间',
  PRIMARY KEY (`id`) USING BTREE
) ENGINE=InnoDB AUTO_INCREMENT=10 DEFAULT CHARSET=utf8 ROW_FORMAT=COMPACT;

-- ----------------------------
-- Records of biz_tags
-- ----------------------------
BEGIN;
INSERT INTO `biz_tags` VALUES (1, 'Linux', NULL, '2019-07-25 20:33:10', '2019-07-25 20:33:10');
INSERT INTO `biz_tags` VALUES (2, 'Java', NULL, '2019-07-25 20:33:10', '2019-07-25 20:33:10');
INSERT INTO `biz_tags` VALUES (3, 'Spring', NULL, '2019-07-25 20:33:10', '2019-07-25 20:33:10');
INSERT INTO `biz_tags` VALUES (4, 'Spring Boot', NULL, '2019-07-25 20:33:10', '2019-07-25 20:33:10');
INSERT INTO `biz_tags` VALUES (5, '其他', NULL, '2019-07-25 20:33:10', '2019-07-25 20:33:10');
INSERT INTO `biz_tags` VALUES (6, 'redis', '', '2019-11-17 11:36:30', '2019-11-17 11:36:30');
INSERT INTO `biz_tags` VALUES (7, 'jdk', '', '2019-11-17 11:36:57', '2019-11-17 11:36:57');
INSERT INTO `biz_tags` VALUES (8, 'elasticsearch', '', '2019-11-17 11:37:13', '2019-11-17 11:37:13');
INSERT INTO `biz_tags` VALUES (9, 'nginx', '', '2019-11-17 11:42:48', '2019-11-17 11:42:48');
COMMIT;

-- ----------------------------
-- Table structure for biz_type
-- ----------------------------
DROP TABLE IF EXISTS `biz_type`;
CREATE TABLE `biz_type` (
  `id` bigint(20) unsigned NOT NULL AUTO_INCREMENT,
  `pid` bigint(20) unsigned DEFAULT NULL,
  `name` varchar(50) DEFAULT NULL COMMENT '文章类型名',
  `description` varchar(200) DEFAULT NULL COMMENT '类型介绍',
  `sort` int(10) DEFAULT NULL COMMENT '排序',
  `icon` varchar(100) DEFAULT NULL COMMENT '图标',
  `available` tinyint(1) unsigned DEFAULT '1' COMMENT '是否可用',
  `create_time` datetime DEFAULT CURRENT_TIMESTAMP COMMENT '添加时间',
  `update_time` datetime DEFAULT CURRENT_TIMESTAMP COMMENT '更新时间',
  PRIMARY KEY (`id`) USING BTREE
) ENGINE=InnoDB AUTO_INCREMENT=4 DEFAULT CHARSET=utf8 ROW_FORMAT=COMPACT;

-- ----------------------------
-- Records of biz_type
-- ----------------------------
BEGIN;
INSERT INTO `biz_type` VALUES (1, NULL, '前端技术', '主要收集、整理的基础前端类文章，包括JS、jQuery和CSS等Web开发所需的基础的文章总结', 1, 'fa fa-css3', 1, '2019-07-25 20:33:10', '2019-07-25 20:33:10');
INSERT INTO `biz_type` VALUES (2, NULL, '后端技术', '网站中记录的后端类文章，包括Java、SSM、MySQL和其他在日常工作学习中所用的后端技术', 2, 'fa fa-coffee', 1, '2019-07-25 20:33:10', '2019-07-25 20:33:10');
INSERT INTO `biz_type` VALUES (3, NULL, '其他文章', '记录网站建设以及日常工作、学习中的闲言碎语和个人笔记等文章', 3, 'fa fa-folder-open-o', 1, '2019-07-25 20:33:10', '2019-07-25 20:33:10');
COMMIT;

-- ----------------------------
-- Table structure for sys_config
-- ----------------------------
DROP TABLE IF EXISTS `sys_config`;
CREATE TABLE `sys_config` (
  `id` int(20) unsigned NOT NULL AUTO_INCREMENT,
  `config_key` varchar(50) DEFAULT NULL COMMENT '配置关键字',
  `config_value` text COMMENT '配置项内容',
  `create_time` datetime DEFAULT CURRENT_TIMESTAMP COMMENT '添加时间',
  `update_time` datetime DEFAULT CURRENT_TIMESTAMP COMMENT '更新时间',
  PRIMARY KEY (`id`) USING BTREE
) ENGINE=InnoDB AUTO_INCREMENT=38 DEFAULT CHARSET=utf8 ROW_FORMAT=COMPACT;

-- ----------------------------
-- Records of sys_config
-- ----------------------------
BEGIN;
INSERT INTO `sys_config` VALUES (1, 'homeDesc', 'xfBlog是一款简洁美观、自适应的Java博客系统。使用springboot开发，前端使用Bootstrap。支持移动端自适应，配有完备的前台和后台管理功能。', '2019-07-25 20:33:10', '2019-07-25 20:33:10');
INSERT INTO `sys_config` VALUES (2, 'homeKeywords', 'xfBlog博客', '2019-07-25 20:33:10', '2019-07-25 20:33:10');
INSERT INTO `sys_config` VALUES (3, 'domain', 'xufeng.me', '2019-07-25 20:33:10', '2019-07-25 20:33:10');
INSERT INTO `sys_config` VALUES (4, 'cmsUrl', 'http://localhost:8085', '2019-07-25 20:33:10', '2019-07-25 20:33:10');
INSERT INTO `sys_config` VALUES (5, 'siteUrl', 'http://localhost:8443', '2019-07-25 20:33:10', '2019-07-25 20:33:10');
INSERT INTO `sys_config` VALUES (6, 'siteName', 'xfBlog博客', '2019-07-25 20:33:10', '2019-07-25 20:33:10');
INSERT INTO `sys_config` VALUES (7, 'siteDesc', 'xfBlog是一款简洁美观、自适应的Java博客系统', '2019-07-25 20:33:10', '2019-07-25 20:33:10');
INSERT INTO `sys_config` VALUES (8, 'siteFavicon', 'http://localhost:8443/img/favicon.ico', '2019-07-25 20:33:10', '2019-07-25 20:33:10');
INSERT INTO `sys_config` VALUES (9, 'staticWebSite', 'http://localhost:8443', '2019-07-25 20:33:10', '2019-07-25 20:33:10');
INSERT INTO `sys_config` VALUES (10, 'authorName', '徐峰', '2019-07-25 20:33:10', '2019-07-25 20:33:10');
INSERT INTO `sys_config` VALUES (11, 'authorEmail', 'xufengxfcy@163.com', '2019-07-25 20:33:10', '2019-07-25 20:33:10');
INSERT INTO `sys_config` VALUES (12, 'wxCode', 'https://static.zhyd.me/static/img/wechat_account.jpg', '2019-07-25 20:33:10', '2019-07-25 20:33:10');
INSERT INTO `sys_config` VALUES (13, 'qq', '1696113170', '2019-07-25 20:33:10', '2019-07-25 20:33:10');
INSERT INTO `sys_config` VALUES (14, 'weibo', 'https://weibo.com/u/6932893259/home?wvr=5&sudaref=graph.qq.com', '2019-07-25 20:33:10', '2019-07-25 20:33:10');
INSERT INTO `sys_config` VALUES (15, 'github', 'https://github.com/xufengyan', '2019-07-25 20:33:10', '2019-07-25 20:33:10');
INSERT INTO `sys_config` VALUES (16, 'maintenance', '0', '2019-07-25 20:33:10', '2019-07-25 20:33:10');
INSERT INTO `sys_config` VALUES (17, 'maintenanceDate', '2019-07-25 20:33:10', '2019-07-25 20:33:10', '2019-07-25 20:33:10');
INSERT INTO `sys_config` VALUES (18, 'comment', '1', '2019-07-25 20:33:10', '2019-07-25 20:33:10');
INSERT INTO `sys_config` VALUES (19, 'qiniuBasePath', NULL, '2019-07-25 20:33:10', '2019-07-25 20:33:10');
INSERT INTO `sys_config` VALUES (20, 'qiniuAccessKey', NULL, '2019-07-25 20:33:10', '2019-07-25 20:33:10');
INSERT INTO `sys_config` VALUES (21, 'qiniuSecretKey', NULL, '2019-07-25 20:33:10', '2019-07-25 20:33:10');
INSERT INTO `sys_config` VALUES (22, 'qiniuBucketName', NULL, '2019-07-25 20:33:10', '2019-07-25 20:33:10');
INSERT INTO `sys_config` VALUES (23, 'baiduPushToken', NULL, '2019-07-25 20:33:10', '2019-07-25 20:33:10');
INSERT INTO `sys_config` VALUES (24, 'wxPraiseCode', NULL, '2019-07-25 20:33:10', '2019-07-25 20:33:10');
INSERT INTO `sys_config` VALUES (25, 'zfbPraiseCode', NULL, '2019-07-25 20:33:10', '2019-07-25 20:33:10');
INSERT INTO `sys_config` VALUES (26, 'baiduApiAk', 'NwHaYlGalDEpgxm46xBaC3T9', '2019-07-25 20:33:10', '2019-07-25 20:33:10');
INSERT INTO `sys_config` VALUES (27, 'spiderConfig', '{\r\n            imooc: {\r\n                domain: \"www.imooc.com\",\r\n                titleRegex: \"//span[@class=js-title]/html()\",\r\n                authorRegex: \"//div[@class=name_con]/p[@class=name]/a[@class=nick]/html()\",\r\n                releaseDateRegex: \"//div[@class=\'dc-profile\']/div[@class=\'l\']/span[@class=\'spacer\']/text()\",\r\n                contentRegex: \"//div[@class=detail-content]/html()\",\r\n                targetLinksRegex: \"/article/[0-9]{1,10}\",\r\n                tagRegex: \"//div[@class=cat-box]/div[@class=cat-wrap]/a[@class=cat]/html()\",\r\n                header: [\r\n                    \"Host=www.imooc.com\",\r\n                    \"Referer=https://www.imooc.com\"\r\n                ],\r\n                entryUrls: \'https://www.imooc.com/u/{uid}/articles?page={curPage}\'\r\n            },\r\n            csdn: {\r\n                domain: \"blog.csdn.net\",\r\n                titleRegex: \"//h1[@class=title-article]/html()\",\r\n                authorRegex: \"//a[@class=follow-nickName]/html()\",\r\n                releaseDateRegex: \"//div[@class=\'article-bar-top\']/span[@class=\'time\']/text()\",\r\n                contentRegex: \"//div[@class=article_content]/html()\",\r\n                targetLinksRegex: \".*blog\\\\.csdn\\\\.net/{uid}/article/details/[0-9a-zA-Z]{1,15}\",\r\n                tagRegex: \"//span[@class=artic-tag-box]/a[@class=tag-link]/html()\",\r\n                header: [\r\n                    \"Host=blog.csdn.net\",\r\n                    \"Referer=https://blog.csdn.net/{uid}/article/list/1\"\r\n                ],\r\n                entryUrls: \'https://blog.csdn.net/{uid}/article/list/{curPage}\'\r\n            },\r\n            iteye: {\r\n                domain: \"{uid}.iteye.com\",\r\n                titleRegex: \"//div[@class=blog_title]/h3/a/html()\",\r\n                authorRegex: \"//div[@id=blog_owner_name]/html()\",\r\n                releaseDateRegex: \"//div[@class=blog_bottom]/ul/li/html()\",\r\n                contentRegex: \"//div[@class=blog_content]/html()\",\r\n                targetLinksRegex: \".*{uid}\\\\.iteye\\\\.com/blog/[0-9]+\",\r\n                tagRegex: \"//div[@class=news_tag]/a/html()\",\r\n                header: [\r\n                    \"Host={uid}.iteye.com\",\r\n                    \"Referer=http://{uid}.iteye.com/\"\r\n                ],\r\n                entryUrls: \'http://{uid}.iteye.com/?page={curPage}\'\r\n            },\r\n            csblogs: {\r\n                domain: \"www.cnblogs.com\",\r\n                titleRegex: \"//a[@id=cb_post_title_url]/html()\",\r\n                authorRegex: \"//div[@class=postDesc]/a[1]/html()\",\r\n                releaseDateRegex: \"//span[@id=post-date]/html()\",\r\n                contentRegex: \"//div[@id=cnblogs_post_body]/html()\",\r\n                targetLinksRegex: \".*www\\\\.cnblogs\\\\.com/{uid}/p/[\\\\w\\\\d]+\\\\.html\",\r\n                tagRegex: \"//div[@id=EntryTag]/a/html()\",\r\n                header: [\r\n                    \"Host=www.cnblogs.com\",\r\n                    \"Referer=https://www.cnblogs.com/\"\r\n                ],\r\n                entryUrls: \'https://www.cnblogs.com/{uid}/default.html?page={curPage}\'\r\n            }\r\n        }', '2019-07-25 20:33:10', '2019-07-25 20:33:10');
INSERT INTO `sys_config` VALUES (28, 'anonymous', '1', '2019-07-25 20:33:10', '2019-07-25 20:33:10');
INSERT INTO `sys_config` VALUES (29, 'editorPlaceholder', '说点什么吧', '2019-07-25 20:33:11', '2019-07-25 20:33:11');
INSERT INTO `sys_config` VALUES (30, 'editorAlert', '讲文明、要和谐', '2019-07-25 20:33:11', '2019-07-25 20:33:11');
INSERT INTO `sys_config` VALUES (31, 'defaultUserAvatar', '[\r\n	\"http://localhost:8443/img/random/user/1.jpg\",\r\n	\"http://localhost:8443/img/random/user/2.jpg\",\r\n	\"http://localhost:8443/img/random/user/3.jpg\",\r\n	\"http://localhost:8443/img/random/user/4.jpg\",\r\n	\"http://localhost:8443/img/random/user/5.jpg\",\r\n	\"http://localhost:8443/img/random/user/6.jpg\",\r\n	\"http://localhost:8443/img/random/user/7.jpg\",\r\n	\"http://localhost:8443/img/random/user/8.jpg\",\r\n	\"http://localhost:8443/img/random/user/9.jpg\",\r\n	\"http://localhost:8443/img/random/user/10.jpg\",\r\n	\"http://localhost:8443/img/random/user/11.jpg\",\r\n	\"http://localhost:8443/img/random/user/12.jpg\",\r\n	\"http://localhost:8443/img/random/user/13.jpg\",\r\n	\"http://localhost:8443/img/random/user/14.jpg\",\r\n	\"http://localhost:8443/img/random/user/15.jpg\",\r\n	\"http://localhost:8443/img/random/user/16.jpg\",\r\n	\"http://localhost:8443/img/random/user/17.jpg\",\r\n	\"http://localhost:8443/img/random/user/18.jpg\",\r\n	\"http://localhost:8443/img/random/user/19.jpg\",\r\n	\"http://localhost:8443/img/random/user/20.jpg\"\r\n]', '2019-07-25 20:33:11', '2019-07-25 20:33:11');
INSERT INTO `sys_config` VALUES (32, 'sessionTimeOut', '5', '2019-07-25 20:33:11', '2019-07-25 20:33:11');
INSERT INTO `sys_config` VALUES (33, 'sessionTimeOutUnit', 'MINUTES', '2019-07-25 20:33:11', '2019-07-25 20:33:11');
INSERT INTO `sys_config` VALUES (34, 'loginRetryNum', '5', '2019-07-25 20:33:11', '2019-07-25 20:33:11');
INSERT INTO `sys_config` VALUES (35, 'installdate', '2019-07-25 20:33:11', '2019-07-25 20:33:11', '2019-07-25 20:33:11');
INSERT INTO `sys_config` VALUES (36, 'copyright', 'Copyright xufeng.me', '2019-07-25 20:33:11', '2019-07-25 20:33:11');
INSERT INTO `sys_config` VALUES (37, 'dynamicTitle', '您有一条新消息', '2019-07-25 20:33:11', '2019-07-25 20:33:11');
COMMIT;

-- ----------------------------
-- Table structure for sys_link
-- ----------------------------
DROP TABLE IF EXISTS `sys_link`;
CREATE TABLE `sys_link` (
  `id` bigint(20) unsigned NOT NULL AUTO_INCREMENT,
  `url` varchar(200) NOT NULL COMMENT '链接地址',
  `name` varchar(50) DEFAULT NULL COMMENT '链接名',
  `description` varchar(300) DEFAULT NULL COMMENT '链接介绍',
  `email` varchar(100) DEFAULT NULL COMMENT '友链站长邮箱',
  `qq` varchar(13) DEFAULT NULL COMMENT '友链站长QQ',
  `favicon` varchar(255) DEFAULT NULL,
  `status` tinyint(1) unsigned DEFAULT '1' COMMENT '状态',
  `home_page_display` tinyint(1) unsigned DEFAULT '1' COMMENT '是否首页显示',
  `remark` varchar(100) DEFAULT NULL COMMENT '备注',
  `source` enum('ADMIN','AUTOMATIC') DEFAULT 'ADMIN' COMMENT '来源：管理员添加、自动申请',
  `create_time` datetime DEFAULT CURRENT_TIMESTAMP COMMENT '添加时间',
  `update_time` datetime DEFAULT CURRENT_TIMESTAMP COMMENT '更新时间',
  PRIMARY KEY (`id`) USING BTREE
) ENGINE=InnoDB AUTO_INCREMENT=2 DEFAULT CHARSET=utf8 ROW_FORMAT=COMPACT;

-- ----------------------------
-- Records of sys_link
-- ----------------------------
BEGIN;
INSERT INTO `sys_link` VALUES (1, 'https://www.xf.me', '徐峰博客', '一个程序员的个人博客', 'xufengxfcy@163.com', '1696113170', 'https://static.xf.me/static/img/favicon.ico', 1, 1, '', 'ADMIN', '2019-07-25 20:33:11', '2019-11-17 16:07:20');
COMMIT;

-- ----------------------------
-- Table structure for sys_log
-- ----------------------------
DROP TABLE IF EXISTS `sys_log`;
CREATE TABLE `sys_log` (
  `id` bigint(20) unsigned NOT NULL AUTO_INCREMENT,
  `user_id` bigint(20) unsigned DEFAULT NULL COMMENT '已登录用户ID',
  `type` enum('SYSTEM','VISIT','ERROR') NOT NULL DEFAULT 'SYSTEM' COMMENT '日志类型（系统操作日志，用户访问日志，异常记录日志）',
  `log_level` enum('ERROR','WARN','INFO') NOT NULL DEFAULT 'INFO' COMMENT '日志级别',
  `content` varchar(2000) DEFAULT NULL COMMENT '日志内容（业务操作）',
  `params` varchar(2000) DEFAULT NULL COMMENT '请求参数（业务操作）',
  `spider_type` varchar(20) DEFAULT NULL COMMENT '爬虫类型（当访问者被鉴定为爬虫时该字段表示爬虫的类型）',
  `ip` varchar(64) DEFAULT NULL COMMENT '操作用户的ip',
  `ua` varchar(500) DEFAULT NULL COMMENT '操作用户的user_agent',
  `os` varchar(64) DEFAULT NULL COMMENT '评论时的系统类型',
  `browser` varchar(64) DEFAULT NULL COMMENT '评论时的浏览器类型',
  `request_url` varchar(3000) DEFAULT NULL COMMENT '请求的路径',
  `referer` varchar(3000) DEFAULT NULL COMMENT '请求来源地址',
  `create_time` datetime DEFAULT CURRENT_TIMESTAMP COMMENT '添加时间',
  `update_time` datetime DEFAULT CURRENT_TIMESTAMP COMMENT '更新时间',
  PRIMARY KEY (`id`) USING BTREE
) ENGINE=InnoDB AUTO_INCREMENT=109 DEFAULT CHARSET=utf8 ROW_FORMAT=COMPACT;

-- ----------------------------
-- Records of sys_log
-- ----------------------------
BEGIN;
INSERT INTO `sys_log` VALUES (1, NULL, 'SYSTEM', 'INFO', '访客: [0:0:0:0:0:0:0:1] | 操作: 进入登录页面', '{}', NULL, '0:0:0:0:0:0:0:1', 'Mozilla/5.0 (Macintosh; Intel Mac OS X 10_11_6) AppleWebKit/537.36 (KHTML, like Gecko) Chrome/75.0.3770.100 Safari/537.36', 'Mac OS X', 'Chrome', 'http://localhost:8085/passport/login/;JSESSIONID=8b998f93-8a2e-4a87-add7-655f85b482bd', NULL, '2019-07-26 08:58:15', '2019-07-26 08:58:15');
INSERT INTO `sys_log` VALUES (2, NULL, 'SYSTEM', 'INFO', '访客: [0:0:0:0:0:0:0:1] | 操作: [\"root\"]登录系统', '{\"username\":[\"root\"],\"password\":[\"\"]}', NULL, '0:0:0:0:0:0:0:1', 'Mozilla/5.0 (Macintosh; Intel Mac OS X 10_11_6) AppleWebKit/537.36 (KHTML, like Gecko) Chrome/75.0.3770.100 Safari/537.36', 'Mac OS X', 'Chrome', 'http://localhost:8085/passport/signin', 'http://localhost:8085/passport/login/;JSESSIONID=8b998f93-8a2e-4a87-add7-655f85b482bd', '2019-07-26 08:58:23', '2019-07-26 08:58:23');
INSERT INTO `sys_log` VALUES (3, NULL, 'SYSTEM', 'INFO', '访客: [0:0:0:0:0:0:0:1] | 操作: [\"root\"]登录系统', '{\"username\":[\"root\"],\"password\":[\"\"]}', NULL, '0:0:0:0:0:0:0:1', 'Mozilla/5.0 (Macintosh; Intel Mac OS X 10_11_6) AppleWebKit/537.36 (KHTML, like Gecko) Chrome/75.0.3770.100 Safari/537.36', 'Mac OS X', 'Chrome', 'http://localhost:8085/passport/signin', 'http://localhost:8085/passport/login/;JSESSIONID=8b998f93-8a2e-4a87-add7-655f85b482bd', '2019-07-26 08:58:24', '2019-07-26 08:58:24');
INSERT INTO `sys_log` VALUES (4, 1, 'SYSTEM', 'INFO', '用户: [root] | 操作: [\"root\"]登录系统', '{\"username\":[\"root\"],\"password\":[\"123456\"]}', NULL, '0:0:0:0:0:0:0:1', 'Mozilla/5.0 (Macintosh; Intel Mac OS X 10_11_6) AppleWebKit/537.36 (KHTML, like Gecko) Chrome/75.0.3770.100 Safari/537.36', 'Mac OS X', 'Chrome', 'http://localhost:8085/passport/signin', 'http://localhost:8085/passport/login/;JSESSIONID=8b998f93-8a2e-4a87-add7-655f85b482bd', '2019-07-26 08:58:31', '2019-07-26 08:58:31');
INSERT INTO `sys_log` VALUES (5, 1, 'SYSTEM', 'INFO', '用户: [root] | 操作: 进入首页', '{}', NULL, '0:0:0:0:0:0:0:1', 'Mozilla/5.0 (Macintosh; Intel Mac OS X 10_11_6) AppleWebKit/537.36 (KHTML, like Gecko) Chrome/75.0.3770.100 Safari/537.36', 'Mac OS X', 'Chrome', 'http://localhost:8085/', 'http://localhost:8085/passport/login/;JSESSIONID=8b998f93-8a2e-4a87-add7-655f85b482bd', '2019-07-26 08:58:32', '2019-07-26 08:58:32');
INSERT INTO `sys_log` VALUES (6, 1, 'SYSTEM', 'INFO', '用户: [root] | 操作: 进入文章列表页', '{}', NULL, '0:0:0:0:0:0:0:1', 'Mozilla/5.0 (Macintosh; Intel Mac OS X 10_11_6) AppleWebKit/537.36 (KHTML, like Gecko) Chrome/75.0.3770.100 Safari/537.36', 'Mac OS X', 'Chrome', 'http://localhost:8085/articles', 'http://localhost:8085/', '2019-07-26 08:58:50', '2019-07-26 08:58:50');
INSERT INTO `sys_log` VALUES (7, 1, 'SYSTEM', 'INFO', '用户: [root] | 操作: 进入发表文章页[html]', '{}', NULL, '0:0:0:0:0:0:0:1', 'Mozilla/5.0 (Macintosh; Intel Mac OS X 10_11_6) AppleWebKit/537.36 (KHTML, like Gecko) Chrome/75.0.3770.100 Safari/537.36', 'Mac OS X', 'Chrome', 'http://localhost:8085/article/publish', 'http://localhost:8085/articles', '2019-07-26 08:59:31', '2019-07-26 08:59:31');
INSERT INTO `sys_log` VALUES (8, 1, 'SYSTEM', 'INFO', '用户: [root] | 操作: 进入文章列表页', '{}', NULL, '0:0:0:0:0:0:0:1', 'Mozilla/5.0 (Macintosh; Intel Mac OS X 10_11_6) AppleWebKit/537.36 (KHTML, like Gecko) Chrome/75.0.3770.100 Safari/537.36', 'Mac OS X', 'Chrome', 'http://localhost:8085/articles', 'http://localhost:8085/article/publish', '2019-07-26 09:00:18', '2019-07-26 09:00:18');
INSERT INTO `sys_log` VALUES (9, 1, 'SYSTEM', 'INFO', '用户: [root] | 操作: 进入资源列表页', '{}', NULL, '0:0:0:0:0:0:0:1', 'Mozilla/5.0 (Macintosh; Intel Mac OS X 10_11_6) AppleWebKit/537.36 (KHTML, like Gecko) Chrome/75.0.3770.100 Safari/537.36', 'Mac OS X', 'Chrome', 'http://localhost:8085/resources', 'http://localhost:8085/articles', '2019-07-26 09:00:47', '2019-07-26 09:00:47');
INSERT INTO `sys_log` VALUES (10, NULL, 'VISIT', 'INFO', '访客: [0:0:0:0:0:0:0:1] | 操作: 进入首页', '{}', NULL, '0:0:0:0:0:0:0:1', 'Opera/9.80 (Windows NT 6.0) Presto/2.12.388 Version/12.14', 'Windows Vista', 'Opera 12', 'http://localhost:8443/', NULL, '2019-11-17 09:37:15', '2019-11-17 09:37:15');
INSERT INTO `sys_log` VALUES (11, NULL, 'VISIT', 'INFO', '访客: [0:0:0:0:0:0:0:1] | 操作: 进入文章分类[1]列表页', '{}', NULL, '0:0:0:0:0:0:0:1', 'Opera/9.80 (Windows NT 6.0) Presto/2.12.388 Version/12.14', 'Windows Vista', 'Opera 12', 'http://localhost:8443/type/1', 'http://localhost:8443/', '2019-11-17 09:37:25', '2019-11-17 09:37:25');
INSERT INTO `sys_log` VALUES (12, NULL, 'VISIT', 'INFO', '访客: [0:0:0:0:0:0:0:1] | 操作: 进入文章分类[2]列表页', '{}', NULL, '0:0:0:0:0:0:0:1', 'Opera/9.80 (Windows NT 6.0) Presto/2.12.388 Version/12.14', 'Windows Vista', 'Opera 12', 'http://localhost:8443/type/2', 'http://localhost:8443/type/1', '2019-11-17 09:37:29', '2019-11-17 09:37:29');
INSERT INTO `sys_log` VALUES (13, NULL, 'VISIT', 'INFO', '访客: [0:0:0:0:0:0:0:1] | 操作: 进入关于页', '{}', NULL, '0:0:0:0:0:0:0:1', 'Opera/9.80 (Windows NT 6.0) Presto/2.12.388 Version/12.14', 'Windows Vista', 'Opera 12', 'http://localhost:8443/about', 'http://localhost:8443/type/2', '2019-11-17 09:40:05', '2019-11-17 09:40:05');
INSERT INTO `sys_log` VALUES (14, NULL, 'VISIT', 'INFO', '访客: [0:0:0:0:0:0:0:1] | 操作: 进入首页', '{}', NULL, '0:0:0:0:0:0:0:1', 'Opera/9.80 (Windows NT 6.0) Presto/2.12.388 Version/12.14', 'Windows Vista', 'Opera 12', 'http://localhost:8443/', 'http://localhost:8443/about', '2019-11-17 09:40:41', '2019-11-17 09:40:41');
INSERT INTO `sys_log` VALUES (15, NULL, 'VISIT', 'INFO', '访客: [0:0:0:0:0:0:0:1] | 操作: 进入首页', '{}', NULL, '0:0:0:0:0:0:0:1', 'Opera/9.80 (Windows NT 6.0) Presto/2.12.388 Version/12.14', 'Windows Vista', 'Opera 12', 'http://localhost:8443/', 'http://localhost:8443/about', '2019-11-17 09:46:14', '2019-11-17 09:46:14');
INSERT INTO `sys_log` VALUES (16, NULL, 'VISIT', 'INFO', '访客: [0:0:0:0:0:0:0:1] | 操作: 进入文章分类[1]列表页', '{}', NULL, '0:0:0:0:0:0:0:1', 'Opera/9.80 (Windows NT 6.0) Presto/2.12.388 Version/12.14', 'Windows Vista', 'Opera 12', 'http://localhost:8443/type/1', 'http://localhost:8443/', '2019-11-17 09:46:18', '2019-11-17 09:46:18');
INSERT INTO `sys_log` VALUES (17, NULL, 'VISIT', 'INFO', '访客: [0:0:0:0:0:0:0:1] | 操作: 进入文章分类[2]列表页', '{}', NULL, '0:0:0:0:0:0:0:1', 'Opera/9.80 (Windows NT 6.0) Presto/2.12.388 Version/12.14', 'Windows Vista', 'Opera 12', 'http://localhost:8443/type/2', 'http://localhost:8443/type/1', '2019-11-17 09:46:20', '2019-11-17 09:46:20');
INSERT INTO `sys_log` VALUES (18, NULL, 'VISIT', 'INFO', '访客: [0:0:0:0:0:0:0:1] | 操作: 进入关于页', '{}', NULL, '0:0:0:0:0:0:0:1', 'Opera/9.80 (Windows NT 6.0) Presto/2.12.388 Version/12.14', 'Windows Vista', 'Opera 12', 'http://localhost:8443/about', 'http://localhost:8443/type/2', '2019-11-17 09:46:23', '2019-11-17 09:46:23');
INSERT INTO `sys_log` VALUES (19, NULL, 'VISIT', 'INFO', '访客: [0:0:0:0:0:0:0:1] | 操作: 进入关于页', '{}', NULL, '0:0:0:0:0:0:0:1', 'Opera/9.80 (Windows NT 6.0) Presto/2.12.388 Version/12.14', 'Windows Vista', 'Opera 12', 'http://localhost:8443/about', 'http://localhost:8443/type/2', '2019-11-17 09:47:05', '2019-11-17 09:47:05');
INSERT INTO `sys_log` VALUES (20, NULL, 'VISIT', 'INFO', '访客: [0:0:0:0:0:0:0:1] | 操作: 进入关于页', '{}', NULL, '0:0:0:0:0:0:0:1', 'Opera/9.80 (Windows NT 6.0) Presto/2.12.388 Version/12.14', 'Windows Vista', 'Opera 12', 'http://localhost:8443/about', 'http://localhost:8443/type/2', '2019-11-17 09:47:06', '2019-11-17 09:47:06');
INSERT INTO `sys_log` VALUES (21, NULL, 'VISIT', 'INFO', '访客: [0:0:0:0:0:0:0:1] | 操作: 进入关于页', '{}', NULL, '0:0:0:0:0:0:0:1', 'Opera/9.80 (Windows NT 6.0) Presto/2.12.388 Version/12.14', 'Windows Vista', 'Opera 12', 'http://localhost:8443/about', 'http://localhost:8443/type/2', '2019-11-17 09:47:31', '2019-11-17 09:47:31');
INSERT INTO `sys_log` VALUES (22, NULL, 'VISIT', 'INFO', '访客: [0:0:0:0:0:0:0:1] | 操作: 进入友情链接页', '{}', NULL, '0:0:0:0:0:0:0:1', 'Opera/9.80 (Windows NT 6.0) Presto/2.12.388 Version/12.14', 'Windows Vista', 'Opera 12', 'http://localhost:8443/links', 'http://localhost:8443/about', '2019-11-17 09:48:00', '2019-11-17 09:48:00');
INSERT INTO `sys_log` VALUES (23, NULL, 'VISIT', 'INFO', '访客: [0:0:0:0:0:0:0:1] | 操作: 进入友情链接页', '{}', NULL, '0:0:0:0:0:0:0:1', 'Opera/9.80 (Windows NT 6.0) Presto/2.12.388 Version/12.14', 'Windows Vista', 'Opera 12', 'http://localhost:8443/links', 'http://localhost:8443/about', '2019-11-17 10:14:00', '2019-11-17 10:14:00');
INSERT INTO `sys_log` VALUES (24, NULL, 'VISIT', 'INFO', '访客: [0:0:0:0:0:0:0:1] | 操作: 进入首页', '{}', NULL, '0:0:0:0:0:0:0:1', 'Opera/9.80 (Windows NT 6.0) Presto/2.12.388 Version/12.14', 'Windows Vista', 'Opera 12', 'http://localhost:8443/', 'http://localhost:8443/links', '2019-11-17 10:14:07', '2019-11-17 10:14:07');
INSERT INTO `sys_log` VALUES (25, NULL, 'VISIT', 'INFO', '访客: [0:0:0:0:0:0:0:1] | 操作: 进入留言板页', '{}', NULL, '0:0:0:0:0:0:0:1', 'Opera/9.80 (Windows NT 6.0) Presto/2.12.388 Version/12.14', 'Windows Vista', 'Opera 12', 'http://localhost:8443/guestbook', 'http://localhost:8443/', '2019-11-17 10:16:14', '2019-11-17 10:16:14');
INSERT INTO `sys_log` VALUES (26, NULL, 'VISIT', 'INFO', '访客: [0:0:0:0:0:0:0:1] | 操作: 进入文章分类[3]列表页', '{}', NULL, '0:0:0:0:0:0:0:1', 'Opera/9.80 (Windows NT 6.0) Presto/2.12.388 Version/12.14', 'Windows Vista', 'Opera 12', 'http://localhost:8443/type/3', 'http://localhost:8443/', '2019-11-17 10:16:38', '2019-11-17 10:16:38');
INSERT INTO `sys_log` VALUES (27, NULL, 'VISIT', 'INFO', '访客: [0:0:0:0:0:0:0:1] | 操作: 进入文章分类[3]列表页', '{}', NULL, '0:0:0:0:0:0:0:1', 'Opera/9.80 (Windows NT 6.0) Presto/2.12.388 Version/12.14', 'Windows Vista', 'Opera 12', 'http://localhost:8443/type/3', 'http://localhost:8443/type/3', '2019-11-17 10:16:39', '2019-11-17 10:16:39');
INSERT INTO `sys_log` VALUES (28, NULL, 'VISIT', 'INFO', '访客: [0:0:0:0:0:0:0:1] | 操作: 进入文章分类[3]列表页', '{}', NULL, '0:0:0:0:0:0:0:1', 'Opera/9.80 (Windows NT 6.0) Presto/2.12.388 Version/12.14', 'Windows Vista', 'Opera 12', 'http://localhost:8443/type/3', 'http://localhost:8443/type/3', '2019-11-17 10:16:40', '2019-11-17 10:16:40');
INSERT INTO `sys_log` VALUES (29, NULL, 'VISIT', 'INFO', '访客: [0:0:0:0:0:0:0:1] | 操作: 进入文章分类[3]列表页', '{}', NULL, '0:0:0:0:0:0:0:1', 'Opera/9.80 (Windows NT 6.0) Presto/2.12.388 Version/12.14', 'Windows Vista', 'Opera 12', 'http://localhost:8443/type/3', 'http://localhost:8443/type/3', '2019-11-17 10:16:41', '2019-11-17 10:16:41');
INSERT INTO `sys_log` VALUES (30, NULL, 'VISIT', 'INFO', '访客: [0:0:0:0:0:0:0:1] | 操作: 进入文章[2]详情页', '{}', NULL, '0:0:0:0:0:0:0:1', 'Opera/9.80 (Windows NT 6.0) Presto/2.12.388 Version/12.14', 'Windows Vista', 'Opera 12', 'http://localhost:8443/article/2', 'http://localhost:8443/type/3', '2019-11-17 10:16:48', '2019-11-17 10:16:48');
INSERT INTO `sys_log` VALUES (31, NULL, 'VISIT', 'INFO', '访客: [0:0:0:0:0:0:0:1] | 操作: 进入首页', '{}', NULL, '0:0:0:0:0:0:0:1', 'Opera/9.80 (Windows NT 6.0) Presto/2.12.388 Version/12.14', 'Windows Vista', 'Opera 12', 'http://localhost:8443/', 'http://localhost:8443/article/2', '2019-11-17 10:17:02', '2019-11-17 10:17:02');
INSERT INTO `sys_log` VALUES (32, NULL, 'VISIT', 'INFO', '访客: [0:0:0:0:0:0:0:1] | 操作: 进入文章[1]详情页', '{}', NULL, '0:0:0:0:0:0:0:1', 'Opera/9.80 (Windows NT 6.0) Presto/2.12.388 Version/12.14', 'Windows Vista', 'Opera 12', 'http://localhost:8443/article/1', 'http://localhost:8443/', '2019-11-17 10:17:06', '2019-11-17 10:17:06');
INSERT INTO `sys_log` VALUES (33, NULL, 'SYSTEM', 'INFO', '访客: [0:0:0:0:0:0:0:1] | 操作: 进入登录页面', '{}', NULL, '0:0:0:0:0:0:0:1', 'Opera/9.80 (Windows NT 6.0) Presto/2.12.388 Version/12.14', 'Windows Vista', 'Opera 12', 'http://localhost:8085/passport/login/;JSESSIONID=cd7c6185-269d-4790-8ade-501c4d6244db', NULL, '2019-11-17 10:23:29', '2019-11-17 10:23:29');
INSERT INTO `sys_log` VALUES (34, 1, 'SYSTEM', 'INFO', '用户: [root] | 操作: [\"root\"]登录系统', '{\"username\":[\"root\"],\"password\":[\"123456\"]}', NULL, '0:0:0:0:0:0:0:1', 'Opera/9.80 (Windows NT 6.0) Presto/2.12.388 Version/12.14', 'Windows Vista', 'Opera 12', 'http://localhost:8085/passport/signin', 'http://localhost:8085/passport/login/;JSESSIONID=cd7c6185-269d-4790-8ade-501c4d6244db', '2019-11-17 10:23:36', '2019-11-17 10:23:36');
INSERT INTO `sys_log` VALUES (35, 1, 'SYSTEM', 'INFO', '用户: [root] | 操作: 进入首页', '{}', NULL, '0:0:0:0:0:0:0:1', 'Opera/9.80 (Windows NT 6.0) Presto/2.12.388 Version/12.14', 'Windows Vista', 'Opera 12', 'http://localhost:8085/', 'http://localhost:8085/passport/login/;JSESSIONID=cd7c6185-269d-4790-8ade-501c4d6244db', '2019-11-17 10:23:37', '2019-11-17 10:23:37');
INSERT INTO `sys_log` VALUES (36, 1, 'SYSTEM', 'INFO', '用户: [root] | 操作: 进入文章列表页', '{}', NULL, '0:0:0:0:0:0:0:1', 'Opera/9.80 (Windows NT 6.0) Presto/2.12.388 Version/12.14', 'Windows Vista', 'Opera 12', 'http://localhost:8085/articles', 'http://localhost:8085/', '2019-11-17 10:23:57', '2019-11-17 10:23:57');
INSERT INTO `sys_log` VALUES (37, 1, 'SYSTEM', 'INFO', '用户: [root] | 操作: 进入修改文章页[id=2]', '{}', NULL, '0:0:0:0:0:0:0:1', 'Opera/9.80 (Windows NT 6.0) Presto/2.12.388 Version/12.14', 'Windows Vista', 'Opera 12', 'http://localhost:8085/article/update/2', 'http://localhost:8085/articles', '2019-11-17 10:24:00', '2019-11-17 10:24:00');
INSERT INTO `sys_log` VALUES (38, 1, 'SYSTEM', 'INFO', '用户: [root] | 操作: 获取文章[2]详情', '{}', NULL, '0:0:0:0:0:0:0:1', 'Opera/9.80 (Windows NT 6.0) Presto/2.12.388 Version/12.14', 'Windows Vista', 'Opera 12', 'http://localhost:8085/article/get/2', 'http://localhost:8085/article/update/2', '2019-11-17 10:24:01', '2019-11-17 10:24:01');
INSERT INTO `sys_log` VALUES (39, 1, 'SYSTEM', 'INFO', '用户: [root] | 操作: 发布文章', '{}', NULL, '0:0:0:0:0:0:0:1', 'Opera/9.80 (Windows NT 6.0) Presto/2.12.388 Version/12.14', 'Windows Vista', 'Opera 12', 'http://localhost:8085/article/save', 'http://localhost:8085/article/update/2', '2019-11-17 10:59:12', '2019-11-17 10:59:12');
INSERT INTO `sys_log` VALUES (40, 1, 'SYSTEM', 'INFO', '用户: [root] | 操作: 进入文章列表页', '{}', NULL, '0:0:0:0:0:0:0:1', 'Opera/9.80 (Windows NT 6.0) Presto/2.12.388 Version/12.14', 'Windows Vista', 'Opera 12', 'http://localhost:8085/articles', 'http://localhost:8085/article/update/2', '2019-11-17 10:59:14', '2019-11-17 10:59:14');
INSERT INTO `sys_log` VALUES (41, NULL, 'VISIT', 'INFO', '访客: [0:0:0:0:0:0:0:1] | 操作: 进入文章[2]详情页', '{}', NULL, '0:0:0:0:0:0:0:1', 'Opera/9.80 (Windows NT 6.0) Presto/2.12.388 Version/12.14', 'Windows Vista', 'Opera 12', 'http://localhost:8443/article/2', 'http://localhost:8085/articles', '2019-11-17 10:59:20', '2019-11-17 10:59:20');
INSERT INTO `sys_log` VALUES (42, NULL, 'VISIT', 'INFO', '访客: [0:0:0:0:0:0:0:1] | 操作: 进入文章[1]详情页', '{}', NULL, '0:0:0:0:0:0:0:1', 'Opera/9.80 (Windows NT 6.0) Presto/2.12.388 Version/12.14', 'Windows Vista', 'Opera 12', 'http://localhost:8443/article/1', 'http://localhost:8085/articles', '2019-11-17 10:59:40', '2019-11-17 10:59:40');
INSERT INTO `sys_log` VALUES (43, 1, 'SYSTEM', 'INFO', '用户: [root] | 操作: 进入修改文章页[id=1]', '{}', NULL, '0:0:0:0:0:0:0:1', 'Opera/9.80 (Windows NT 6.0) Presto/2.12.388 Version/12.14', 'Windows Vista', 'Opera 12', 'http://localhost:8085/article/update/1', 'http://localhost:8085/articles', '2019-11-17 11:00:11', '2019-11-17 11:00:11');
INSERT INTO `sys_log` VALUES (44, 1, 'SYSTEM', 'INFO', '用户: [root] | 操作: 获取文章[1]详情', '{}', NULL, '0:0:0:0:0:0:0:1', 'Opera/9.80 (Windows NT 6.0) Presto/2.12.388 Version/12.14', 'Windows Vista', 'Opera 12', 'http://localhost:8085/article/get/1', 'http://localhost:8085/article/update/1', '2019-11-17 11:00:13', '2019-11-17 11:00:13');
INSERT INTO `sys_log` VALUES (45, 1, 'SYSTEM', 'INFO', '用户: [root] | 操作: 删除文章[[1]]', '{\"ids\":[\"1\"]}', NULL, '0:0:0:0:0:0:0:1', 'Opera/9.80 (Windows NT 6.0) Presto/2.12.388 Version/12.14', 'Windows Vista', 'Opera 12', 'http://localhost:8085/article/remove', 'http://localhost:8085/articles', '2019-11-17 11:00:21', '2019-11-17 11:00:21');
INSERT INTO `sys_log` VALUES (46, 1, 'SYSTEM', 'INFO', '用户: [root] | 操作: 进入修改文章页[id=2]', '{}', NULL, '0:0:0:0:0:0:0:1', 'Opera/9.80 (Windows NT 6.0) Presto/2.12.388 Version/12.14', 'Windows Vista', 'Opera 12', 'http://localhost:8085/article/update/2', 'http://localhost:8085/articles', '2019-11-17 11:00:25', '2019-11-17 11:00:25');
INSERT INTO `sys_log` VALUES (47, 1, 'SYSTEM', 'INFO', '用户: [root] | 操作: 获取文章[2]详情', '{}', NULL, '0:0:0:0:0:0:0:1', 'Opera/9.80 (Windows NT 6.0) Presto/2.12.388 Version/12.14', 'Windows Vista', 'Opera 12', 'http://localhost:8085/article/get/2', 'http://localhost:8085/article/update/2', '2019-11-17 11:00:26', '2019-11-17 11:00:26');
INSERT INTO `sys_log` VALUES (48, 1, 'SYSTEM', 'INFO', '用户: [root] | 操作: 进入文章列表页', '{}', NULL, '0:0:0:0:0:0:0:1', 'Opera/9.80 (Windows NT 6.0) Presto/2.12.388 Version/12.14', 'Windows Vista', 'Opera 12', 'http://localhost:8085/articles', 'http://localhost:8085/article/update/2', '2019-11-17 11:00:35', '2019-11-17 11:00:35');
INSERT INTO `sys_log` VALUES (49, 1, 'SYSTEM', 'INFO', '用户: [root] | 操作: 进入文章列表页', '{}', NULL, '0:0:0:0:0:0:0:1', 'Opera/9.80 (Windows NT 6.0) Presto/2.12.388 Version/12.14', 'Windows Vista', 'Opera 12', 'http://localhost:8085/articles', 'http://localhost:8085/article/update/2', '2019-11-17 11:01:20', '2019-11-17 11:01:20');
INSERT INTO `sys_log` VALUES (50, 1, 'SYSTEM', 'INFO', '用户: [root] | 操作: 进入发表文章页[html]', '{}', NULL, '0:0:0:0:0:0:0:1', 'Opera/9.80 (Windows NT 6.0) Presto/2.12.388 Version/12.14', 'Windows Vista', 'Opera 12', 'http://localhost:8085/article/publish', 'http://localhost:8085/articles', '2019-11-17 11:01:28', '2019-11-17 11:01:28');
INSERT INTO `sys_log` VALUES (51, 1, 'SYSTEM', 'INFO', '用户: [root] | 操作: 进入文章列表页', '{}', NULL, '0:0:0:0:0:0:0:1', 'Opera/9.80 (Windows NT 6.0) Presto/2.12.388 Version/12.14', 'Windows Vista', 'Opera 12', 'http://localhost:8085/articles', 'http://localhost:8085/article/publish', '2019-11-17 11:06:50', '2019-11-17 11:06:50');
INSERT INTO `sys_log` VALUES (52, 1, 'SYSTEM', 'INFO', '用户: [root] | 操作: 进入发表文章页[html]', '{}', NULL, '0:0:0:0:0:0:0:1', 'Opera/9.80 (Windows NT 6.0) Presto/2.12.388 Version/12.14', 'Windows Vista', 'Opera 12', 'http://localhost:8085/article/publish', 'http://localhost:8085/articles', '2019-11-17 11:08:14', '2019-11-17 11:08:14');
INSERT INTO `sys_log` VALUES (53, 1, 'SYSTEM', 'INFO', '用户: [root] | 操作: 进入文章列表页', '{}', NULL, '0:0:0:0:0:0:0:1', 'Opera/9.80 (Windows NT 6.0) Presto/2.12.388 Version/12.14', 'Windows Vista', 'Opera 12', 'http://localhost:8085/articles', 'http://localhost:8085/article/publish', '2019-11-17 11:16:44', '2019-11-17 11:16:44');
INSERT INTO `sys_log` VALUES (54, 1, 'SYSTEM', 'INFO', '用户: [root] | 操作: 进入发表文章页[html]', '{}', NULL, '0:0:0:0:0:0:0:1', 'Opera/9.80 (Windows NT 6.0) Presto/2.12.388 Version/12.14', 'Windows Vista', 'Opera 12', 'http://localhost:8085/article/publish', 'http://localhost:8085/articles', '2019-11-17 11:17:42', '2019-11-17 11:17:42');
INSERT INTO `sys_log` VALUES (55, 1, 'SYSTEM', 'INFO', '用户: [root] | 操作: 进入文章列表页', '{}', NULL, '0:0:0:0:0:0:0:1', 'Opera/9.80 (Windows NT 6.0) Presto/2.12.388 Version/12.14', 'Windows Vista', 'Opera 12', 'http://localhost:8085/articles', 'http://localhost:8085/article/publish', '2019-11-17 11:20:39', '2019-11-17 11:20:39');
INSERT INTO `sys_log` VALUES (56, 1, 'SYSTEM', 'INFO', '用户: [root] | 操作: 进入发表文章页[html]', '{}', NULL, '0:0:0:0:0:0:0:1', 'Opera/9.80 (Windows NT 6.0) Presto/2.12.388 Version/12.14', 'Windows Vista', 'Opera 12', 'http://localhost:8085/article/publish', 'http://localhost:8085/articles', '2019-11-17 11:24:12', '2019-11-17 11:24:12');
INSERT INTO `sys_log` VALUES (57, 1, 'SYSTEM', 'INFO', '用户: [root] | 操作: 进入文章列表页', '{}', NULL, '0:0:0:0:0:0:0:1', 'Opera/9.80 (Windows NT 6.0) Presto/2.12.388 Version/12.14', 'Windows Vista', 'Opera 12', 'http://localhost:8085/articles', 'http://localhost:8085/article/publish', '2019-11-17 11:26:23', '2019-11-17 11:26:23');
INSERT INTO `sys_log` VALUES (58, 1, 'SYSTEM', 'INFO', '用户: [root] | 操作: 进入发表文章页[html]', '{}', NULL, '0:0:0:0:0:0:0:1', 'Opera/9.80 (Windows NT 6.0) Presto/2.12.388 Version/12.14', 'Windows Vista', 'Opera 12', 'http://localhost:8085/article/publish', 'http://localhost:8085/articles', '2019-11-17 11:29:23', '2019-11-17 11:29:23');
INSERT INTO `sys_log` VALUES (59, 1, 'SYSTEM', 'INFO', '用户: [root] | 操作: 进入文章列表页', '{}', NULL, '0:0:0:0:0:0:0:1', 'Opera/9.80 (Windows NT 6.0) Presto/2.12.388 Version/12.14', 'Windows Vista', 'Opera 12', 'http://localhost:8085/articles', 'http://localhost:8085/article/publish', '2019-11-17 11:32:09', '2019-11-17 11:32:09');
INSERT INTO `sys_log` VALUES (60, 1, 'SYSTEM', 'INFO', '用户: [root] | 操作: 进入发表文章页[html]', '{}', NULL, '0:0:0:0:0:0:0:1', 'Opera/9.80 (Windows NT 6.0) Presto/2.12.388 Version/12.14', 'Windows Vista', 'Opera 12', 'http://localhost:8085/article/publish', 'http://localhost:8085/articles', '2019-11-17 11:33:53', '2019-11-17 11:33:53');
INSERT INTO `sys_log` VALUES (61, 1, 'SYSTEM', 'INFO', '用户: [root] | 操作: 进入文章列表页', '{}', NULL, '0:0:0:0:0:0:0:1', 'Opera/9.80 (Windows NT 6.0) Presto/2.12.388 Version/12.14', 'Windows Vista', 'Opera 12', 'http://localhost:8085/articles', 'http://localhost:8085/article/publish', '2019-11-17 11:36:12', '2019-11-17 11:36:12');
INSERT INTO `sys_log` VALUES (62, 1, 'SYSTEM', 'INFO', '用户: [root] | 操作: 进入标签列表页', '{}', NULL, '0:0:0:0:0:0:0:1', 'Opera/9.80 (Windows NT 6.0) Presto/2.12.388 Version/12.14', 'Windows Vista', 'Opera 12', 'http://localhost:8085/article/tags', 'http://localhost:8085/articles', '2019-11-17 11:36:21', '2019-11-17 11:36:21');
INSERT INTO `sys_log` VALUES (63, 1, 'SYSTEM', 'INFO', '用户: [root] | 操作: 添加标签', '{\"id\":[\"\"],\"name\":[\"redis\"],\"description\":[\"\"]}', NULL, '0:0:0:0:0:0:0:1', 'Opera/9.80 (Windows NT 6.0) Presto/2.12.388 Version/12.14', 'Windows Vista', 'Opera 12', 'http://localhost:8085/tag/add', 'http://localhost:8085/article/tags', '2019-11-17 11:36:30', '2019-11-17 11:36:30');
INSERT INTO `sys_log` VALUES (64, 1, 'SYSTEM', 'INFO', '用户: [root] | 操作: 进入标签列表页', '{\"id\":[\"\"],\"name\":[\"nginx\"],\"description\":[\"\"]}', NULL, '0:0:0:0:0:0:0:1', 'Opera/9.80 (Windows NT 6.0) Presto/2.12.388 Version/12.14', 'Windows Vista', 'Opera 12', 'http://localhost:8085/article/tags', 'http://localhost:8085/article/tags', '2019-11-17 11:36:38', '2019-11-17 11:36:38');
INSERT INTO `sys_log` VALUES (65, 1, 'SYSTEM', 'INFO', '用户: [root] | 操作: 进入标签列表页', '{\"id\":[\"\"],\"name\":[\"mysql\"],\"description\":[\"\"]}', NULL, '0:0:0:0:0:0:0:1', 'Opera/9.80 (Windows NT 6.0) Presto/2.12.388 Version/12.14', 'Windows Vista', 'Opera 12', 'http://localhost:8085/article/tags', 'http://localhost:8085/article/tags?id=&name=nginx&description=', '2019-11-17 11:36:42', '2019-11-17 11:36:42');
INSERT INTO `sys_log` VALUES (66, 1, 'SYSTEM', 'INFO', '用户: [root] | 操作: 添加标签', '{\"id\":[\"\"],\"name\":[\"jdk\"],\"description\":[\"\"]}', NULL, '0:0:0:0:0:0:0:1', 'Opera/9.80 (Windows NT 6.0) Presto/2.12.388 Version/12.14', 'Windows Vista', 'Opera 12', 'http://localhost:8085/tag/add', 'http://localhost:8085/article/tags?id=&name=mysql&description=', '2019-11-17 11:36:57', '2019-11-17 11:36:57');
INSERT INTO `sys_log` VALUES (67, 1, 'SYSTEM', 'INFO', '用户: [root] | 操作: 添加标签', '{\"id\":[\"\"],\"name\":[\"elasticsearch\"],\"description\":[\"\"]}', NULL, '0:0:0:0:0:0:0:1', 'Opera/9.80 (Windows NT 6.0) Presto/2.12.388 Version/12.14', 'Windows Vista', 'Opera 12', 'http://localhost:8085/tag/add', 'http://localhost:8085/article/tags?id=&name=mysql&description=', '2019-11-17 11:37:13', '2019-11-17 11:37:13');
INSERT INTO `sys_log` VALUES (68, 1, 'SYSTEM', 'INFO', '用户: [root] | 操作: 进入文章列表页', '{}', NULL, '0:0:0:0:0:0:0:1', 'Opera/9.80 (Windows NT 6.0) Presto/2.12.388 Version/12.14', 'Windows Vista', 'Opera 12', 'http://localhost:8085/articles', 'http://localhost:8085/article/tags?id=&name=mysql&description=', '2019-11-17 11:42:10', '2019-11-17 11:42:10');
INSERT INTO `sys_log` VALUES (69, 1, 'SYSTEM', 'INFO', '用户: [root] | 操作: 进入修改文章页[id=8]', '{}', NULL, '0:0:0:0:0:0:0:1', 'Opera/9.80 (Windows NT 6.0) Presto/2.12.388 Version/12.14', 'Windows Vista', 'Opera 12', 'http://localhost:8085/article/update/8', 'http://localhost:8085/articles', '2019-11-17 11:42:13', '2019-11-17 11:42:13');
INSERT INTO `sys_log` VALUES (70, 1, 'SYSTEM', 'INFO', '用户: [root] | 操作: 获取文章[8]详情', '{}', NULL, '0:0:0:0:0:0:0:1', 'Opera/9.80 (Windows NT 6.0) Presto/2.12.388 Version/12.14', 'Windows Vista', 'Opera 12', 'http://localhost:8085/article/get/8', 'http://localhost:8085/article/update/8', '2019-11-17 11:42:14', '2019-11-17 11:42:14');
INSERT INTO `sys_log` VALUES (71, 1, 'SYSTEM', 'INFO', '用户: [root] | 操作: 进入文章列表页', '{}', NULL, '0:0:0:0:0:0:0:1', 'Opera/9.80 (Windows NT 6.0) Presto/2.12.388 Version/12.14', 'Windows Vista', 'Opera 12', 'http://localhost:8085/articles', 'http://localhost:8085/article/update/8', '2019-11-17 11:42:32', '2019-11-17 11:42:32');
INSERT INTO `sys_log` VALUES (72, 1, 'SYSTEM', 'INFO', '用户: [root] | 操作: 进入标签列表页', '{}', NULL, '0:0:0:0:0:0:0:1', 'Opera/9.80 (Windows NT 6.0) Presto/2.12.388 Version/12.14', 'Windows Vista', 'Opera 12', 'http://localhost:8085/article/tags', 'http://localhost:8085/articles', '2019-11-17 11:42:36', '2019-11-17 11:42:36');
INSERT INTO `sys_log` VALUES (73, 1, 'SYSTEM', 'INFO', '用户: [root] | 操作: 添加标签', '{\"id\":[\"\"],\"name\":[\"nginx\"],\"description\":[\"\"]}', NULL, '0:0:0:0:0:0:0:1', 'Opera/9.80 (Windows NT 6.0) Presto/2.12.388 Version/12.14', 'Windows Vista', 'Opera 12', 'http://localhost:8085/tag/add', 'http://localhost:8085/article/tags', '2019-11-17 11:42:48', '2019-11-17 11:42:48');
INSERT INTO `sys_log` VALUES (74, 1, 'SYSTEM', 'INFO', '用户: [root] | 操作: 进入分类列表页', '{}', NULL, '0:0:0:0:0:0:0:1', 'Opera/9.80 (Windows NT 6.0) Presto/2.12.388 Version/12.14', 'Windows Vista', 'Opera 12', 'http://localhost:8085/article/types', 'http://localhost:8085/article/tags', '2019-11-17 11:43:26', '2019-11-17 11:43:26');
INSERT INTO `sys_log` VALUES (75, 1, 'SYSTEM', 'INFO', '用户: [root] | 操作: 进入文章列表页', '{}', NULL, '0:0:0:0:0:0:0:1', 'Opera/9.80 (Windows NT 6.0) Presto/2.12.388 Version/12.14', 'Windows Vista', 'Opera 12', 'http://localhost:8085/articles', 'http://localhost:8085/article/types', '2019-11-17 11:43:27', '2019-11-17 11:43:27');
INSERT INTO `sys_log` VALUES (76, 1, 'SYSTEM', 'INFO', '用户: [root] | 操作: 进入修改文章页[id=8]', '{}', NULL, '0:0:0:0:0:0:0:1', 'Opera/9.80 (Windows NT 6.0) Presto/2.12.388 Version/12.14', 'Windows Vista', 'Opera 12', 'http://localhost:8085/article/update/8', 'http://localhost:8085/articles', '2019-11-17 11:43:29', '2019-11-17 11:43:29');
INSERT INTO `sys_log` VALUES (77, 1, 'SYSTEM', 'INFO', '用户: [root] | 操作: 获取文章[8]详情', '{}', NULL, '0:0:0:0:0:0:0:1', 'Opera/9.80 (Windows NT 6.0) Presto/2.12.388 Version/12.14', 'Windows Vista', 'Opera 12', 'http://localhost:8085/article/get/8', 'http://localhost:8085/article/update/8', '2019-11-17 11:43:30', '2019-11-17 11:43:30');
INSERT INTO `sys_log` VALUES (78, 1, 'SYSTEM', 'INFO', '用户: [root] | 操作: 进入文章列表页', '{}', NULL, '0:0:0:0:0:0:0:1', 'Opera/9.80 (Windows NT 6.0) Presto/2.12.388 Version/12.14', 'Windows Vista', 'Opera 12', 'http://localhost:8085/articles', 'http://localhost:8085/article/update/8', '2019-11-17 11:43:44', '2019-11-17 11:43:44');
INSERT INTO `sys_log` VALUES (79, NULL, 'VISIT', 'INFO', '访客: [0:0:0:0:0:0:0:1] | 操作: 进入文章[8]详情页', '{}', NULL, '0:0:0:0:0:0:0:1', 'Opera/9.80 (Windows NT 6.0) Presto/2.12.388 Version/12.14', 'Windows Vista', 'Opera 12', 'http://localhost:8443/article/8', 'http://localhost:8085/articles', '2019-11-17 11:43:50', '2019-11-17 11:43:50');
INSERT INTO `sys_log` VALUES (80, NULL, 'VISIT', 'INFO', '访客: [0:0:0:0:0:0:0:1] | 操作: 进入首页', '{}', NULL, '0:0:0:0:0:0:0:1', 'Opera/9.80 (Windows NT 6.0) Presto/2.12.388 Version/12.14', 'Windows Vista', 'Opera 12', 'http://localhost:8443/', 'http://localhost:8443/article/8', '2019-11-17 11:43:53', '2019-11-17 11:43:53');
INSERT INTO `sys_log` VALUES (81, NULL, 'VISIT', 'INFO', '访客: [0:0:0:0:0:0:0:1] | 操作: 进入更新记录页', '{}', NULL, '0:0:0:0:0:0:0:1', 'Opera/9.80 (Windows NT 6.0) Presto/2.12.388 Version/12.14', 'Windows Vista', 'Opera 12', 'http://localhost:8443/updateLog', 'http://localhost:8443/', '2019-11-17 15:58:40', '2019-11-17 15:58:40');
INSERT INTO `sys_log` VALUES (82, NULL, 'VISIT', 'INFO', '访客: [0:0:0:0:0:0:0:1] | 操作: 进入友情链接页', '{}', NULL, '0:0:0:0:0:0:0:1', 'Opera/9.80 (Windows NT 6.0) Presto/2.12.388 Version/12.14', 'Windows Vista', 'Opera 12', 'http://localhost:8443/links', 'http://localhost:8443/', '2019-11-17 16:05:49', '2019-11-17 16:05:49');
INSERT INTO `sys_log` VALUES (83, 1, 'SYSTEM', 'INFO', '用户: [root] | 操作: 进入链接页', '{}', NULL, '0:0:0:0:0:0:0:1', 'Opera/9.80 (Windows NT 6.0) Presto/2.12.388 Version/12.14', 'Windows Vista', 'Opera 12', 'http://localhost:8085/links', 'http://localhost:8085/articles', '2019-11-17 16:06:59', '2019-11-17 16:06:59');
INSERT INTO `sys_log` VALUES (84, 1, 'SYSTEM', 'INFO', '用户: [root] | 操作: 获取友情链接详情', '{}', NULL, '0:0:0:0:0:0:0:1', 'Opera/9.80 (Windows NT 6.0) Presto/2.12.388 Version/12.14', 'Windows Vista', 'Opera 12', 'http://localhost:8085/link/get/1', 'http://localhost:8085/links', '2019-11-17 16:07:02', '2019-11-17 16:07:02');
INSERT INTO `sys_log` VALUES (85, 1, 'SYSTEM', 'INFO', '用户: [root] | 操作: 进入文件管理页面', '{}', NULL, '0:0:0:0:0:0:0:1', 'Opera/9.80 (Windows NT 6.0) Presto/2.12.388 Version/12.14', 'Windows Vista', 'Opera 12', 'http://localhost:8085/files', 'http://localhost:8085/links', '2019-11-17 16:07:25', '2019-11-17 16:07:25');
INSERT INTO `sys_log` VALUES (86, 1, 'SYSTEM', 'INFO', '用户: [root] | 操作: 进入系统通知页', '{}', NULL, '0:0:0:0:0:0:0:1', 'Opera/9.80 (Windows NT 6.0) Presto/2.12.388 Version/12.14', 'Windows Vista', 'Opera 12', 'http://localhost:8085/notices', 'http://localhost:8085/files', '2019-11-17 16:07:27', '2019-11-17 16:07:27');
INSERT INTO `sys_log` VALUES (87, 1, 'SYSTEM', 'INFO', '用户: [root] | 操作: 进入更新记录管理页', '{}', NULL, '0:0:0:0:0:0:0:1', 'Opera/9.80 (Windows NT 6.0) Presto/2.12.388 Version/12.14', 'Windows Vista', 'Opera 12', 'http://localhost:8085/updates', 'http://localhost:8085/notices', '2019-11-17 16:07:30', '2019-11-17 16:07:30');
INSERT INTO `sys_log` VALUES (88, 1, 'SYSTEM', 'INFO', '用户: [root] | 操作: 进入模板管理页', '{}', NULL, '0:0:0:0:0:0:0:1', 'Opera/9.80 (Windows NT 6.0) Presto/2.12.388 Version/12.14', 'Windows Vista', 'Opera 12', 'http://localhost:8085/templates', 'http://localhost:8085/updates', '2019-11-17 16:07:31', '2019-11-17 16:07:31');
INSERT INTO `sys_log` VALUES (89, 1, 'SYSTEM', 'INFO', '用户: [root] | 操作: 进入链接页', '{}', NULL, '0:0:0:0:0:0:0:1', 'Opera/9.80 (Windows NT 6.0) Presto/2.12.388 Version/12.14', 'Windows Vista', 'Opera 12', 'http://localhost:8085/links', 'http://localhost:8085/templates', '2019-11-17 16:07:35', '2019-11-17 16:07:35');
INSERT INTO `sys_log` VALUES (90, 1, 'SYSTEM', 'INFO', '用户: [root] | 操作: 进入模板管理页', '{}', NULL, '0:0:0:0:0:0:0:1', 'Opera/9.80 (Windows NT 6.0) Presto/2.12.388 Version/12.14', 'Windows Vista', 'Opera 12', 'http://localhost:8085/templates', 'http://localhost:8085/links', '2019-11-17 16:07:37', '2019-11-17 16:07:37');
INSERT INTO `sys_log` VALUES (91, 1, 'SYSTEM', 'INFO', '用户: [root] | 操作: 获取模板详情', '{}', NULL, '0:0:0:0:0:0:0:1', 'Opera/9.80 (Windows NT 6.0) Presto/2.12.388 Version/12.14', 'Windows Vista', 'Opera 12', 'http://localhost:8085/template/get/1', 'http://localhost:8085/templates', '2019-11-17 16:07:39', '2019-11-17 16:07:39');
INSERT INTO `sys_log` VALUES (92, 1, 'SYSTEM', 'INFO', '用户: [root] | 操作: 进入用户列表页', '{}', NULL, '0:0:0:0:0:0:0:1', 'Opera/9.80 (Windows NT 6.0) Presto/2.12.388 Version/12.14', 'Windows Vista', 'Opera 12', 'http://localhost:8085/users', 'http://localhost:8085/templates', '2019-11-17 16:07:48', '2019-11-17 16:07:48');
INSERT INTO `sys_log` VALUES (93, 1, 'SYSTEM', 'INFO', '用户: [root] | 操作: 获取用户详情', '{}', NULL, '0:0:0:0:0:0:0:1', 'Opera/9.80 (Windows NT 6.0) Presto/2.12.388 Version/12.14', 'Windows Vista', 'Opera 12', 'http://localhost:8085/user/get/1', 'http://localhost:8085/users', '2019-11-17 16:07:53', '2019-11-17 16:07:53');
INSERT INTO `sys_log` VALUES (94, 1, 'SYSTEM', 'INFO', '用户: [root] | 操作: 编辑用户', '{\"id\":[\"1\"],\"username\":[\"root\"],\"password\":[\"123456\"],\"nickname\":[\"超级管理员\"],\"mobile\":[\"15151551516\"],\"email\":[\"1696113170@qq.com\"],\"qq\":[\"1696113170\"]}', NULL, '0:0:0:0:0:0:0:1', 'Opera/9.80 (Windows NT 6.0) Presto/2.12.388 Version/12.14', 'Windows Vista', 'Opera 12', 'http://localhost:8085/user/edit', 'http://localhost:8085/users', '2019-11-17 16:08:27', '2019-11-17 16:08:27');
INSERT INTO `sys_log` VALUES (95, 1, 'SYSTEM', 'INFO', '用户: [root] | 操作: 获取用户详情', '{}', NULL, '0:0:0:0:0:0:0:1', 'Opera/9.80 (Windows NT 6.0) Presto/2.12.388 Version/12.14', 'Windows Vista', 'Opera 12', 'http://localhost:8085/user/get/2', 'http://localhost:8085/users', '2019-11-17 16:08:38', '2019-11-17 16:08:38');
INSERT INTO `sys_log` VALUES (96, 1, 'SYSTEM', 'INFO', '用户: [root] | 操作: 编辑用户', '{\"id\":[\"2\"],\"username\":[\"admin\"],\"password\":[\"\"],\"nickname\":[\"管理员\"],\"mobile\":[\"15151551516\"],\"email\":[\"1696113170@qq.com\"],\"qq\":[\"1696113170\"]}', NULL, '0:0:0:0:0:0:0:1', 'Opera/9.80 (Windows NT 6.0) Presto/2.12.388 Version/12.14', 'Windows Vista', 'Opera 12', 'http://localhost:8085/user/edit', 'http://localhost:8085/users', '2019-11-17 16:08:44', '2019-11-17 16:08:44');
INSERT INTO `sys_log` VALUES (97, 1, 'SYSTEM', 'INFO', '用户: [root] | 操作: 进入评论页', '{}', NULL, '0:0:0:0:0:0:0:1', 'Opera/9.80 (Windows NT 6.0) Presto/2.12.388 Version/12.14', 'Windows Vista', 'Opera 12', 'http://localhost:8085/comments', 'http://localhost:8085/users', '2019-11-17 16:08:51', '2019-11-17 16:08:51');
INSERT INTO `sys_log` VALUES (98, 1, 'SYSTEM', 'INFO', '用户: [root] | 操作: 进入链接页', '{}', NULL, '0:0:0:0:0:0:0:1', 'Opera/9.80 (Windows NT 6.0) Presto/2.12.388 Version/12.14', 'Windows Vista', 'Opera 12', 'http://localhost:8085/links', 'http://localhost:8085/comments', '2019-11-17 16:09:23', '2019-11-17 16:09:23');
INSERT INTO `sys_log` VALUES (99, 1, 'SYSTEM', 'INFO', '用户: [root] | 操作: 进入模板管理页', '{}', NULL, '0:0:0:0:0:0:0:1', 'Opera/9.80 (Windows NT 6.0) Presto/2.12.388 Version/12.14', 'Windows Vista', 'Opera 12', 'http://localhost:8085/templates', 'http://localhost:8085/links', '2019-11-17 16:09:49', '2019-11-17 16:09:49');
INSERT INTO `sys_log` VALUES (100, NULL, 'VISIT', 'INFO', '访客: [0:0:0:0:0:0:0:1] | 操作: 进入首页', '{}', NULL, '0:0:0:0:0:0:0:1', 'Opera/9.80 (Windows NT 6.0) Presto/2.12.388 Version/12.14', 'Windows Vista', 'Opera 12', 'http://localhost:8443/', NULL, '2019-11-17 16:13:12', '2019-11-17 16:13:12');
INSERT INTO `sys_log` VALUES (101, NULL, 'VISIT', 'INFO', '访客: [0:0:0:0:0:0:0:1] | 操作: 进入友情链接页', '{}', NULL, '0:0:0:0:0:0:0:1', 'Opera/9.80 (Windows NT 6.0) Presto/2.12.388 Version/12.14', 'Windows Vista', 'Opera 12', 'http://localhost:8443/links', 'http://localhost:8443/', '2019-11-17 16:13:33', '2019-11-17 16:13:33');
INSERT INTO `sys_log` VALUES (102, NULL, 'VISIT', 'INFO', '访客: [0:0:0:0:0:0:0:1] | 操作: 进入留言板页', '{}', NULL, '0:0:0:0:0:0:0:1', 'Opera/9.80 (Windows NT 6.0) Presto/2.12.388 Version/12.14', 'Windows Vista', 'Opera 12', 'http://localhost:8443/guestbook', 'http://localhost:8443/', '2019-11-17 16:13:50', '2019-11-17 16:13:50');
INSERT INTO `sys_log` VALUES (103, NULL, 'VISIT', 'INFO', '访客: [0:0:0:0:0:0:0:1] | 操作: 进入站长推荐页', '{}', NULL, '0:0:0:0:0:0:0:1', 'Opera/9.80 (Windows NT 6.0) Presto/2.12.388 Version/12.14', 'Windows Vista', 'Opera 12', 'http://localhost:8443/recommended', 'http://localhost:8443/guestbook', '2019-11-17 16:13:55', '2019-11-17 16:13:55');
INSERT INTO `sys_log` VALUES (104, NULL, 'VISIT', 'INFO', '访客: [0:0:0:0:0:0:0:1] | 操作: 进入首页', '{}', NULL, '0:0:0:0:0:0:0:1', 'Opera/9.80 (Windows NT 6.0) Presto/2.12.388 Version/12.14', 'Windows Vista', 'Opera 12', 'http://localhost:8443/', NULL, '2019-11-17 16:38:31', '2019-11-17 16:38:31');
INSERT INTO `sys_log` VALUES (105, NULL, 'VISIT', 'INFO', '访客: [0:0:0:0:0:0:0:1] | 操作: 进入归档目录页', '{}', NULL, '0:0:0:0:0:0:0:1', 'Opera/9.80 (Windows NT 6.0) Presto/2.12.388 Version/12.14', 'Windows Vista', 'Opera 12', 'http://localhost:8443/archives', 'http://localhost:8443/', '2019-11-17 16:54:03', '2019-11-17 16:54:03');
INSERT INTO `sys_log` VALUES (106, NULL, 'VISIT', 'INFO', '访客: [0:0:0:0:0:0:0:1] | 操作: 进入友情链接页', '{}', NULL, '0:0:0:0:0:0:0:1', 'Opera/9.80 (Windows NT 6.0) Presto/2.12.388 Version/12.14', 'Windows Vista', 'Opera 12', 'http://localhost:8443/links', 'http://localhost:8443/archives', '2019-11-17 16:55:02', '2019-11-17 16:55:02');
INSERT INTO `sys_log` VALUES (107, NULL, 'VISIT', 'INFO', '访客: [0:0:0:0:0:0:0:1] | 操作: 进入首页', '{}', NULL, '0:0:0:0:0:0:0:1', 'Opera/9.80 (Windows NT 6.0) Presto/2.12.388 Version/12.14', 'Windows Vista', 'Opera 12', 'http://localhost:8443/', 'http://localhost:8443/links', '2019-11-17 16:55:39', '2019-11-17 16:55:39');
INSERT INTO `sys_log` VALUES (108, NULL, 'VISIT', 'INFO', '访客: [0:0:0:0:0:0:0:1] | 操作: 进入首页', '{}', NULL, '0:0:0:0:0:0:0:1', 'Opera/9.80 (Windows NT 6.0) Presto/2.12.388 Version/12.14', 'Windows Vista', 'Opera 12', 'http://localhost:8443/', 'http://localhost:8443/links', '2019-11-17 17:00:58', '2019-11-17 17:00:58');
COMMIT;

-- ----------------------------
-- Table structure for sys_notice
-- ----------------------------
DROP TABLE IF EXISTS `sys_notice`;
CREATE TABLE `sys_notice` (
  `id` bigint(20) unsigned NOT NULL AUTO_INCREMENT,
  `user_id` bigint(20) unsigned NOT NULL COMMENT '被通知的用户ID',
  `status` enum('RELEASE','NOT_RELEASE') DEFAULT 'NOT_RELEASE' COMMENT '通知状态',
  `title` varchar(200) DEFAULT NULL COMMENT '通知的标题',
  `content` varchar(2000) DEFAULT NULL COMMENT '通知的内容',
  `create_time` datetime DEFAULT CURRENT_TIMESTAMP COMMENT '添加时间',
  `update_time` datetime DEFAULT CURRENT_TIMESTAMP COMMENT '更新时间',
  PRIMARY KEY (`id`) USING BTREE
) ENGINE=InnoDB AUTO_INCREMENT=3 DEFAULT CHARSET=utf8 ROW_FORMAT=COMPACT;

-- ----------------------------
-- Records of sys_notice
-- ----------------------------
BEGIN;
INSERT INTO `sys_notice` VALUES (1, 1, 'RELEASE', 'xfBlog博客', 'xfBlog博客，一款超好用的Java版开源博客', '2019-07-25 20:33:11', '2019-07-25 20:33:11');
INSERT INTO `sys_notice` VALUES (2, 1, 'RELEASE', '问题反馈', '', '2019-07-25 20:33:11', '2019-07-25 20:33:11');
COMMIT;

-- ----------------------------
-- Table structure for sys_resources
-- ----------------------------
DROP TABLE IF EXISTS `sys_resources`;
CREATE TABLE `sys_resources` (
  `id` bigint(20) unsigned NOT NULL AUTO_INCREMENT,
  `name` varchar(100) DEFAULT NULL,
  `type` varchar(50) DEFAULT NULL,
  `url` varchar(200) DEFAULT NULL,
  `permission` varchar(100) DEFAULT NULL,
  `parent_id` bigint(20) unsigned DEFAULT '0',
  `sort` int(10) unsigned DEFAULT NULL,
  `external` tinyint(1) unsigned DEFAULT NULL COMMENT '是否外部链接',
  `available` tinyint(1) unsigned DEFAULT '0',
  `icon` varchar(100) DEFAULT NULL COMMENT '菜单图标',
  `create_time` datetime DEFAULT CURRENT_TIMESTAMP COMMENT '添加时间',
  `update_time` datetime DEFAULT CURRENT_TIMESTAMP COMMENT '更新时间',
  PRIMARY KEY (`id`) USING BTREE,
  KEY `idx_sys_resource_parent_id` (`parent_id`) USING BTREE
) ENGINE=InnoDB AUTO_INCREMENT=76 DEFAULT CHARSET=utf8 ROW_FORMAT=COMPACT;

-- ----------------------------
-- Records of sys_resources
-- ----------------------------
BEGIN;
INSERT INTO `sys_resources` VALUES (1, '用户管理', 'menu', '', '', 0, 4, 0, 1, 'fa fa-users', '2019-07-25 20:33:11', '2019-07-25 20:33:11');
INSERT INTO `sys_resources` VALUES (2, '用户列表', 'menu', '/users', 'users', 1, 1, 0, 1, NULL, '2019-07-25 20:33:11', '2019-07-25 20:33:11');
INSERT INTO `sys_resources` VALUES (3, '新增用户', 'button', NULL, 'user:add', 2, 2, 0, 1, NULL, '2019-07-25 20:33:11', '2019-07-25 20:33:11');
INSERT INTO `sys_resources` VALUES (4, '批量删除用户', 'button', NULL, 'user:batchDelete', 2, 3, 0, 1, NULL, '2019-07-25 20:33:11', '2019-07-25 20:33:11');
INSERT INTO `sys_resources` VALUES (5, '编辑用户', 'button', NULL, 'user:edit,user:get', 2, 4, 0, 1, NULL, '2019-07-25 20:33:11', '2019-07-25 20:33:11');
INSERT INTO `sys_resources` VALUES (6, '删除用户', 'button', NULL, 'user:delete', 2, 5, 0, 1, NULL, '2019-07-25 20:33:11', '2019-07-25 20:33:11');
INSERT INTO `sys_resources` VALUES (7, '分配用户角色', 'button', NULL, 'user:allotRole', 2, 6, 0, 1, NULL, '2019-07-25 20:33:11', '2019-07-25 20:33:11');
INSERT INTO `sys_resources` VALUES (8, '权限管理', 'menu', '', '', 0, 3, 0, 1, 'fa fa-cogs', '2019-07-25 20:33:11', '2019-07-25 20:33:11');
INSERT INTO `sys_resources` VALUES (9, '资源管理', 'menu', '/resources', 'resources', 8, 1, 0, 1, NULL, '2019-07-25 20:33:11', '2019-07-25 20:33:11');
INSERT INTO `sys_resources` VALUES (10, '新增资源', 'button', NULL, 'resource:add', 9, 2, 0, 1, NULL, '2019-07-25 20:33:11', '2019-07-25 20:33:11');
INSERT INTO `sys_resources` VALUES (11, '批量删除资源', 'button', NULL, 'resource:batchDelete', 9, 3, 0, 1, NULL, '2019-07-25 20:33:11', '2019-07-25 20:33:11');
INSERT INTO `sys_resources` VALUES (12, '编辑资源', 'button', NULL, 'resource:edit,resource:get', 9, 4, 0, 1, NULL, '2019-07-25 20:33:11', '2019-07-25 20:33:11');
INSERT INTO `sys_resources` VALUES (13, '删除资源', 'button', NULL, 'resource:delete', 9, 5, 0, 1, NULL, '2019-07-25 20:33:11', '2019-07-25 20:33:11');
INSERT INTO `sys_resources` VALUES (14, '角色管理', 'menu', '/roles', 'roles', 8, 2, 0, 1, '', '2019-07-25 20:33:11', '2019-07-25 20:33:11');
INSERT INTO `sys_resources` VALUES (15, '新增角色', 'button', NULL, 'role:add', 14, 2, 0, 1, NULL, '2019-07-25 20:33:11', '2019-07-25 20:33:11');
INSERT INTO `sys_resources` VALUES (16, '批量删除角色', 'button', NULL, 'role:batchDelete', 14, 3, 0, 1, NULL, '2019-07-25 20:33:11', '2019-07-25 20:33:11');
INSERT INTO `sys_resources` VALUES (17, '编辑角色', 'button', NULL, 'role:edit,role:get', 14, 4, 0, 1, NULL, '2019-07-25 20:33:11', '2019-07-25 20:33:11');
INSERT INTO `sys_resources` VALUES (18, '删除角色', 'button', NULL, 'role:delete', 14, 5, 0, 1, NULL, '2019-07-25 20:33:11', '2019-07-25 20:33:11');
INSERT INTO `sys_resources` VALUES (19, '分配角色资源', 'button', NULL, 'role:allotResource', 14, 6, 0, 1, NULL, '2019-07-25 20:33:11', '2019-07-25 20:33:11');
INSERT INTO `sys_resources` VALUES (20, '文章管理', 'menu', '', '', 0, 1, 0, 1, 'fa fa-list', '2019-07-25 20:33:11', '2019-07-25 20:33:11');
INSERT INTO `sys_resources` VALUES (21, '文章列表', 'menu', '/articles', 'articles', 20, 1, 0, 1, NULL, '2019-07-25 20:33:11', '2019-07-25 20:33:11');
INSERT INTO `sys_resources` VALUES (22, '发表文章', 'button', NULL, 'article:publish', 21, 2, 0, 1, NULL, '2019-07-25 20:33:11', '2019-07-25 20:33:11');
INSERT INTO `sys_resources` VALUES (23, '批量删除文章', 'button', NULL, 'article:batchDelete', 21, 3, 0, 1, NULL, '2019-07-25 20:33:11', '2019-07-25 20:33:11');
INSERT INTO `sys_resources` VALUES (24, '批量推送文章', 'button', NULL, 'article:batchPush', 21, 4, 0, 1, NULL, '2019-07-25 20:33:11', '2019-07-25 20:33:11');
INSERT INTO `sys_resources` VALUES (25, '推送文章', 'button', NULL, 'article:push', 21, 5, 0, 1, NULL, '2019-07-25 20:33:11', '2019-07-25 20:33:11');
INSERT INTO `sys_resources` VALUES (26, '置顶文章', 'button', NULL, 'article:top', 21, 6, 0, 1, NULL, '2019-07-25 20:33:11', '2019-07-25 20:33:11');
INSERT INTO `sys_resources` VALUES (27, '推荐文章', 'button', NULL, 'article:recommend', 21, 7, 0, 1, NULL, '2019-07-25 20:33:11', '2019-07-25 20:33:11');
INSERT INTO `sys_resources` VALUES (28, '编辑文章', 'button', NULL, 'article:edit,article:get', 21, 8, 0, 1, NULL, '2019-07-25 20:33:11', '2019-07-25 20:33:11');
INSERT INTO `sys_resources` VALUES (29, '删除文章', 'button', NULL, 'article:delete', 21, 9, 0, 1, NULL, '2019-07-25 20:33:11', '2019-07-25 20:33:11');
INSERT INTO `sys_resources` VALUES (30, '分类列表', 'menu', '/article/types', 'types', 20, 2, 0, 1, NULL, '2019-07-25 20:33:11', '2019-07-25 20:33:11');
INSERT INTO `sys_resources` VALUES (31, '添加分类', 'button', NULL, 'type:add', 30, 2, 0, 1, NULL, '2019-07-25 20:33:11', '2019-07-25 20:33:11');
INSERT INTO `sys_resources` VALUES (32, '批量删除分类', 'button', NULL, 'type:batchDelete', 30, 3, 0, 1, NULL, '2019-07-25 20:33:11', '2019-07-25 20:33:11');
INSERT INTO `sys_resources` VALUES (33, '编辑分类', 'button', NULL, 'type:edit,type:get', 30, 4, 0, 1, NULL, '2019-07-25 20:33:11', '2019-07-25 20:33:11');
INSERT INTO `sys_resources` VALUES (34, '删除分类', 'button', NULL, 'type:delete', 30, 5, 0, 1, NULL, '2019-07-25 20:33:11', '2019-07-25 20:33:11');
INSERT INTO `sys_resources` VALUES (35, '标签列表', 'menu', '/article/tags', 'tags', 20, 2, 0, 1, NULL, '2019-07-25 20:33:11', '2019-07-25 20:33:11');
INSERT INTO `sys_resources` VALUES (36, '添加标签', 'button', NULL, 'tag:add', 35, 2, 0, 1, NULL, '2019-07-25 20:33:11', '2019-07-25 20:33:11');
INSERT INTO `sys_resources` VALUES (37, '批量删除标签', 'button', NULL, 'tag:batchDelete', 35, 3, 0, 1, NULL, '2019-07-25 20:33:11', '2019-07-25 20:33:11');
INSERT INTO `sys_resources` VALUES (38, '编辑标签', 'button', NULL, 'tag:edit,tag:get', 35, 4, 0, 1, NULL, '2019-07-25 20:33:11', '2019-07-25 20:33:11');
INSERT INTO `sys_resources` VALUES (39, '删除标签', 'button', NULL, 'tag:delete', 35, 5, 0, 1, NULL, '2019-07-25 20:33:11', '2019-07-25 20:33:11');
INSERT INTO `sys_resources` VALUES (40, '网站管理', 'menu', '', '', 0, 2, 0, 1, 'fa fa-globe', '2019-07-25 20:33:11', '2019-07-25 20:33:11');
INSERT INTO `sys_resources` VALUES (41, '友情链接', 'menu', '/links', 'links', 40, 2, 0, 1, NULL, '2019-07-25 20:33:11', '2019-07-25 20:33:11');
INSERT INTO `sys_resources` VALUES (42, '添加友情链接', 'button', NULL, 'link:add', 41, 2, 0, 1, NULL, '2019-07-25 20:33:11', '2019-07-25 20:33:11');
INSERT INTO `sys_resources` VALUES (43, '批量删除友情链接', 'button', NULL, 'link:batchDelete', 41, 3, 0, 1, NULL, '2019-07-25 20:33:11', '2019-07-25 20:33:11');
INSERT INTO `sys_resources` VALUES (44, '编辑友情链接', 'button', NULL, 'link:edit,link:get', 41, 4, 0, 1, NULL, '2019-07-25 20:33:11', '2019-07-25 20:33:11');
INSERT INTO `sys_resources` VALUES (45, '删除友情链接', 'button', NULL, 'link:delete', 41, 5, 0, 1, NULL, '2019-07-25 20:33:11', '2019-07-25 20:33:11');
INSERT INTO `sys_resources` VALUES (46, '评论管理', 'menu', '/comments', 'comments', 40, 2, 0, 1, NULL, '2019-07-25 20:33:11', '2019-07-25 20:33:11');
INSERT INTO `sys_resources` VALUES (47, '批量删除评论', 'button', NULL, 'comment:batchDelete', 46, 2, 0, 1, NULL, '2019-07-25 20:33:11', '2019-07-25 20:33:11');
INSERT INTO `sys_resources` VALUES (48, '回复评论', 'button', NULL, 'comment:reply', 46, 3, 0, 1, NULL, '2019-07-25 20:33:11', '2019-07-25 20:33:11');
INSERT INTO `sys_resources` VALUES (49, '审核评论', 'button', NULL, 'comment:audit', 46, 4, 0, 1, NULL, '2019-07-25 20:33:11', '2019-07-25 20:33:11');
INSERT INTO `sys_resources` VALUES (50, '删除评论', 'button', NULL, 'comment:delete', 46, 5, 0, 1, NULL, '2019-07-25 20:33:11', '2019-07-25 20:33:11');
INSERT INTO `sys_resources` VALUES (51, '模板管理', 'menu', '/templates', 'templates', 40, 3, 0, 1, NULL, '2019-07-25 20:33:11', '2019-07-25 20:33:11');
INSERT INTO `sys_resources` VALUES (52, '添加模板', 'button', NULL, 'template:add', 51, 2, 0, 1, NULL, '2019-07-25 20:33:11', '2019-07-25 20:33:11');
INSERT INTO `sys_resources` VALUES (53, '批量删除模板', 'button', NULL, 'template:batchDelete', 51, 3, 0, 1, NULL, '2019-07-25 20:33:11', '2019-07-25 20:33:11');
INSERT INTO `sys_resources` VALUES (54, '编辑模板', 'button', NULL, 'template:edit,template:get', 51, 4, 0, 1, NULL, '2019-07-25 20:33:11', '2019-07-25 20:33:11');
INSERT INTO `sys_resources` VALUES (55, '删除模板', 'button', NULL, 'template:delete', 51, 5, 0, 1, NULL, '2019-07-25 20:33:11', '2019-07-25 20:33:11');
INSERT INTO `sys_resources` VALUES (56, '更新日志', 'menu', '/updates', 'updateLogs', 40, 4, 0, 1, NULL, '2019-07-25 20:33:11', '2019-07-25 20:33:11');
INSERT INTO `sys_resources` VALUES (57, '添加更新日志', 'button', NULL, 'updateLog:add', 51, 2, 0, 1, NULL, '2019-07-25 20:33:11', '2019-07-25 20:33:11');
INSERT INTO `sys_resources` VALUES (58, '批量删除更新日志', 'button', NULL, 'updateLog:batchDelete', 51, 3, 0, 1, NULL, '2019-07-25 20:33:11', '2019-07-25 20:33:11');
INSERT INTO `sys_resources` VALUES (59, '编辑更新日志', 'button', NULL, 'updateLog:edit,updateLog:get', 51, 4, 0, 1, NULL, '2019-07-25 20:33:11', '2019-07-25 20:33:11');
INSERT INTO `sys_resources` VALUES (60, '删除更新日志', 'button', NULL, 'updateLog:delete', 51, 5, 0, 1, NULL, '2019-07-25 20:33:11', '2019-07-25 20:33:11');
INSERT INTO `sys_resources` VALUES (61, '公告管理', 'menu', '/notices', 'notices', 40, 5, 0, 1, NULL, '2019-07-25 20:33:11', '2019-07-25 20:33:11');
INSERT INTO `sys_resources` VALUES (62, '添加公告', 'button', NULL, 'notice:add', 61, 2, 0, 1, NULL, '2019-07-25 20:33:11', '2019-07-25 20:33:11');
INSERT INTO `sys_resources` VALUES (63, '批量删除公告', 'button', NULL, 'notice:batchDelete', 61, 3, 0, 1, NULL, '2019-07-25 20:33:11', '2019-07-25 20:33:11');
INSERT INTO `sys_resources` VALUES (64, '编辑公告', 'button', NULL, 'notice:edit,notice:get', 61, 4, 0, 1, NULL, '2019-07-25 20:33:11', '2019-07-25 20:33:11');
INSERT INTO `sys_resources` VALUES (65, '删除公告', 'button', NULL, 'notice:delete', 61, 5, 0, 1, NULL, '2019-07-25 20:33:11', '2019-07-25 20:33:11');
INSERT INTO `sys_resources` VALUES (66, '发布公告', 'button', NULL, 'notice:release', 61, 6, 0, 1, NULL, '2019-07-25 20:33:11', '2019-07-25 20:33:11');
INSERT INTO `sys_resources` VALUES (67, '撤回公告', 'button', NULL, 'notice:withdraw', 61, 7, 0, 1, NULL, '2019-07-25 20:33:11', '2019-07-25 20:33:11');
INSERT INTO `sys_resources` VALUES (68, '测试页面', 'menu', '', '', 0, 6, 0, 1, 'fa fa-desktop', '2019-07-25 20:33:11', '2019-07-25 20:33:11');
INSERT INTO `sys_resources` VALUES (69, 'icons图标', 'menu', '/icons', 'icons', 68, 2, 0, 1, NULL, '2019-07-25 20:33:11', '2019-07-25 20:33:11');
INSERT INTO `sys_resources` VALUES (70, 'shiro测试', 'menu', '/shiro', 'shiro', 68, 3, 0, 1, NULL, '2019-07-25 20:33:11', '2019-07-25 20:33:11');
INSERT INTO `sys_resources` VALUES (71, '推送消息', 'menu', '/notice', 'notice', 72, NULL, 0, 1, '', '2019-07-25 20:33:11', '2019-07-25 20:33:11');
INSERT INTO `sys_resources` VALUES (72, '实验室', 'menu', '', '', 0, 5, 0, 1, 'fa fa-flask', '2019-07-25 20:33:11', '2019-07-25 20:33:11');
INSERT INTO `sys_resources` VALUES (73, '文章搬运工', 'menu', '/remover', 'remover', 72, NULL, 0, 1, '', '2019-07-25 20:33:11', '2019-07-25 20:33:11');
INSERT INTO `sys_resources` VALUES (74, '编辑器', 'menu', '/editor', 'editor', 68, NULL, 0, 1, '', '2019-07-25 20:33:11', '2019-07-25 20:33:11');
INSERT INTO `sys_resources` VALUES (75, '文件管理', 'menu', '/files', 'files', 40, 6, 0, 1, NULL, '2019-07-25 20:33:11', '2019-07-25 20:33:11');
COMMIT;

-- ----------------------------
-- Table structure for sys_role
-- ----------------------------
DROP TABLE IF EXISTS `sys_role`;
CREATE TABLE `sys_role` (
  `id` bigint(20) unsigned NOT NULL AUTO_INCREMENT,
  `name` varchar(100) DEFAULT NULL COMMENT '角色名',
  `description` varchar(100) DEFAULT NULL,
  `available` tinyint(1) DEFAULT '0',
  `create_time` datetime DEFAULT CURRENT_TIMESTAMP COMMENT '添加时间',
  `update_time` datetime DEFAULT CURRENT_TIMESTAMP COMMENT '更新时间',
  PRIMARY KEY (`id`) USING BTREE
) ENGINE=InnoDB AUTO_INCREMENT=4 DEFAULT CHARSET=utf8 ROW_FORMAT=COMPACT;

-- ----------------------------
-- Records of sys_role
-- ----------------------------
BEGIN;
INSERT INTO `sys_role` VALUES (1, 'role:root', '超级管理员', 1, '2019-07-25 20:33:11', '2019-07-25 20:33:11');
INSERT INTO `sys_role` VALUES (2, 'role:admin', '管理员', 1, '2019-07-25 20:33:11', '2019-07-25 20:33:11');
INSERT INTO `sys_role` VALUES (3, 'role:comment', '评论审核管理员', 1, '2019-07-25 20:33:11', '2019-07-25 20:33:11');
COMMIT;

-- ----------------------------
-- Table structure for sys_role_resources
-- ----------------------------
DROP TABLE IF EXISTS `sys_role_resources`;
CREATE TABLE `sys_role_resources` (
  `id` bigint(20) unsigned NOT NULL AUTO_INCREMENT,
  `role_id` bigint(20) unsigned NOT NULL,
  `resources_id` bigint(20) unsigned NOT NULL,
  `create_time` datetime DEFAULT CURRENT_TIMESTAMP COMMENT '添加时间',
  `update_time` datetime DEFAULT CURRENT_TIMESTAMP COMMENT '更新时间',
  PRIMARY KEY (`id`) USING BTREE
) ENGINE=InnoDB AUTO_INCREMENT=97 DEFAULT CHARSET=utf8 ROW_FORMAT=COMPACT;

-- ----------------------------
-- Records of sys_role_resources
-- ----------------------------
BEGIN;
INSERT INTO `sys_role_resources` VALUES (1, 1, 1, '2019-07-25 20:33:11', '2019-07-25 20:33:11');
INSERT INTO `sys_role_resources` VALUES (2, 1, 2, '2019-07-25 20:33:11', '2019-07-25 20:33:11');
INSERT INTO `sys_role_resources` VALUES (3, 1, 3, '2019-07-25 20:33:11', '2019-07-25 20:33:11');
INSERT INTO `sys_role_resources` VALUES (4, 1, 4, '2019-07-25 20:33:11', '2019-07-25 20:33:11');
INSERT INTO `sys_role_resources` VALUES (5, 1, 5, '2019-07-25 20:33:11', '2019-07-25 20:33:11');
INSERT INTO `sys_role_resources` VALUES (6, 1, 6, '2019-07-25 20:33:11', '2019-07-25 20:33:11');
INSERT INTO `sys_role_resources` VALUES (7, 1, 7, '2019-07-25 20:33:11', '2019-07-25 20:33:11');
INSERT INTO `sys_role_resources` VALUES (8, 1, 8, '2019-07-25 20:33:11', '2019-07-25 20:33:11');
INSERT INTO `sys_role_resources` VALUES (9, 1, 9, '2019-07-25 20:33:11', '2019-07-25 20:33:11');
INSERT INTO `sys_role_resources` VALUES (10, 1, 10, '2019-07-25 20:33:11', '2019-07-25 20:33:11');
INSERT INTO `sys_role_resources` VALUES (11, 1, 11, '2019-07-25 20:33:11', '2019-07-25 20:33:11');
INSERT INTO `sys_role_resources` VALUES (12, 1, 12, '2019-07-25 20:33:11', '2019-07-25 20:33:11');
INSERT INTO `sys_role_resources` VALUES (13, 1, 13, '2019-07-25 20:33:11', '2019-07-25 20:33:11');
INSERT INTO `sys_role_resources` VALUES (14, 1, 14, '2019-07-25 20:33:11', '2019-07-25 20:33:11');
INSERT INTO `sys_role_resources` VALUES (15, 1, 15, '2019-07-25 20:33:11', '2019-07-25 20:33:11');
INSERT INTO `sys_role_resources` VALUES (16, 1, 16, '2019-07-25 20:33:11', '2019-07-25 20:33:11');
INSERT INTO `sys_role_resources` VALUES (17, 1, 17, '2019-07-25 20:33:11', '2019-07-25 20:33:11');
INSERT INTO `sys_role_resources` VALUES (18, 1, 18, '2019-07-25 20:33:11', '2019-07-25 20:33:11');
INSERT INTO `sys_role_resources` VALUES (19, 1, 19, '2019-07-25 20:33:11', '2019-07-25 20:33:11');
INSERT INTO `sys_role_resources` VALUES (20, 1, 20, '2019-07-25 20:33:11', '2019-07-25 20:33:11');
INSERT INTO `sys_role_resources` VALUES (21, 1, 21, '2019-07-25 20:33:11', '2019-07-25 20:33:11');
INSERT INTO `sys_role_resources` VALUES (22, 1, 22, '2019-07-25 20:33:11', '2019-07-25 20:33:11');
INSERT INTO `sys_role_resources` VALUES (23, 1, 23, '2019-07-25 20:33:11', '2019-07-25 20:33:11');
INSERT INTO `sys_role_resources` VALUES (24, 1, 24, '2019-07-25 20:33:11', '2019-07-25 20:33:11');
INSERT INTO `sys_role_resources` VALUES (25, 1, 25, '2019-07-25 20:33:11', '2019-07-25 20:33:11');
INSERT INTO `sys_role_resources` VALUES (26, 1, 26, '2019-07-25 20:33:11', '2019-07-25 20:33:11');
INSERT INTO `sys_role_resources` VALUES (27, 1, 27, '2019-07-25 20:33:11', '2019-07-25 20:33:11');
INSERT INTO `sys_role_resources` VALUES (28, 1, 28, '2019-07-25 20:33:11', '2019-07-25 20:33:11');
INSERT INTO `sys_role_resources` VALUES (29, 1, 29, '2019-07-25 20:33:11', '2019-07-25 20:33:11');
INSERT INTO `sys_role_resources` VALUES (30, 1, 30, '2019-07-25 20:33:11', '2019-07-25 20:33:11');
INSERT INTO `sys_role_resources` VALUES (31, 1, 31, '2019-07-25 20:33:11', '2019-07-25 20:33:11');
INSERT INTO `sys_role_resources` VALUES (32, 1, 32, '2019-07-25 20:33:11', '2019-07-25 20:33:11');
INSERT INTO `sys_role_resources` VALUES (33, 1, 33, '2019-07-25 20:33:11', '2019-07-25 20:33:11');
INSERT INTO `sys_role_resources` VALUES (34, 1, 34, '2019-07-25 20:33:11', '2019-07-25 20:33:11');
INSERT INTO `sys_role_resources` VALUES (35, 1, 35, '2019-07-25 20:33:11', '2019-07-25 20:33:11');
INSERT INTO `sys_role_resources` VALUES (36, 1, 36, '2019-07-25 20:33:11', '2019-07-25 20:33:11');
INSERT INTO `sys_role_resources` VALUES (37, 1, 37, '2019-07-25 20:33:11', '2019-07-25 20:33:11');
INSERT INTO `sys_role_resources` VALUES (38, 1, 38, '2019-07-25 20:33:11', '2019-07-25 20:33:11');
INSERT INTO `sys_role_resources` VALUES (39, 1, 39, '2019-07-25 20:33:11', '2019-07-25 20:33:11');
INSERT INTO `sys_role_resources` VALUES (40, 1, 40, '2019-07-25 20:33:11', '2019-07-25 20:33:11');
INSERT INTO `sys_role_resources` VALUES (41, 1, 41, '2019-07-25 20:33:11', '2019-07-25 20:33:11');
INSERT INTO `sys_role_resources` VALUES (42, 1, 42, '2019-07-25 20:33:11', '2019-07-25 20:33:11');
INSERT INTO `sys_role_resources` VALUES (43, 1, 43, '2019-07-25 20:33:11', '2019-07-25 20:33:11');
INSERT INTO `sys_role_resources` VALUES (44, 1, 44, '2019-07-25 20:33:11', '2019-07-25 20:33:11');
INSERT INTO `sys_role_resources` VALUES (45, 1, 45, '2019-07-25 20:33:11', '2019-07-25 20:33:11');
INSERT INTO `sys_role_resources` VALUES (46, 1, 46, '2019-07-25 20:33:11', '2019-07-25 20:33:11');
INSERT INTO `sys_role_resources` VALUES (47, 1, 47, '2019-07-25 20:33:11', '2019-07-25 20:33:11');
INSERT INTO `sys_role_resources` VALUES (48, 1, 48, '2019-07-25 20:33:11', '2019-07-25 20:33:11');
INSERT INTO `sys_role_resources` VALUES (49, 1, 49, '2019-07-25 20:33:11', '2019-07-25 20:33:11');
INSERT INTO `sys_role_resources` VALUES (50, 1, 50, '2019-07-25 20:33:11', '2019-07-25 20:33:11');
INSERT INTO `sys_role_resources` VALUES (51, 1, 51, '2019-07-25 20:33:11', '2019-07-25 20:33:11');
INSERT INTO `sys_role_resources` VALUES (52, 1, 52, '2019-07-25 20:33:11', '2019-07-25 20:33:11');
INSERT INTO `sys_role_resources` VALUES (53, 1, 57, '2019-07-25 20:33:11', '2019-07-25 20:33:11');
INSERT INTO `sys_role_resources` VALUES (54, 1, 53, '2019-07-25 20:33:11', '2019-07-25 20:33:11');
INSERT INTO `sys_role_resources` VALUES (55, 1, 58, '2019-07-25 20:33:11', '2019-07-25 20:33:11');
INSERT INTO `sys_role_resources` VALUES (56, 1, 54, '2019-07-25 20:33:11', '2019-07-25 20:33:11');
INSERT INTO `sys_role_resources` VALUES (57, 1, 59, '2019-07-25 20:33:11', '2019-07-25 20:33:11');
INSERT INTO `sys_role_resources` VALUES (58, 1, 55, '2019-07-25 20:33:11', '2019-07-25 20:33:11');
INSERT INTO `sys_role_resources` VALUES (59, 1, 60, '2019-07-25 20:33:11', '2019-07-25 20:33:11');
INSERT INTO `sys_role_resources` VALUES (60, 1, 56, '2019-07-25 20:33:11', '2019-07-25 20:33:11');
INSERT INTO `sys_role_resources` VALUES (61, 1, 61, '2019-07-25 20:33:11', '2019-07-25 20:33:11');
INSERT INTO `sys_role_resources` VALUES (62, 1, 62, '2019-07-25 20:33:11', '2019-07-25 20:33:11');
INSERT INTO `sys_role_resources` VALUES (63, 1, 63, '2019-07-25 20:33:11', '2019-07-25 20:33:11');
INSERT INTO `sys_role_resources` VALUES (64, 1, 64, '2019-07-25 20:33:11', '2019-07-25 20:33:11');
INSERT INTO `sys_role_resources` VALUES (65, 1, 65, '2019-07-25 20:33:11', '2019-07-25 20:33:11');
INSERT INTO `sys_role_resources` VALUES (66, 1, 66, '2019-07-25 20:33:11', '2019-07-25 20:33:11');
INSERT INTO `sys_role_resources` VALUES (67, 1, 67, '2019-07-25 20:33:11', '2019-07-25 20:33:11');
INSERT INTO `sys_role_resources` VALUES (68, 1, 68, '2019-07-25 20:33:11', '2019-07-25 20:33:11');
INSERT INTO `sys_role_resources` VALUES (84, 2, 20, '2019-07-25 20:33:11', '2019-07-25 20:33:11');
INSERT INTO `sys_role_resources` VALUES (85, 2, 21, '2019-07-25 20:33:11', '2019-07-25 20:33:11');
INSERT INTO `sys_role_resources` VALUES (86, 2, 24, '2019-07-25 20:33:11', '2019-07-25 20:33:11');
INSERT INTO `sys_role_resources` VALUES (87, 2, 25, '2019-07-25 20:33:11', '2019-07-25 20:33:11');
INSERT INTO `sys_role_resources` VALUES (88, 2, 26, '2019-07-25 20:33:11', '2019-07-25 20:33:11');
INSERT INTO `sys_role_resources` VALUES (89, 2, 27, '2019-07-25 20:33:11', '2019-07-25 20:33:11');
INSERT INTO `sys_role_resources` VALUES (93, 3, 40, '2019-07-25 20:33:11', '2019-07-25 20:33:11');
INSERT INTO `sys_role_resources` VALUES (94, 3, 46, '2019-07-25 20:33:11', '2019-07-25 20:33:11');
INSERT INTO `sys_role_resources` VALUES (95, 3, 48, '2019-07-25 20:33:11', '2019-07-25 20:33:11');
INSERT INTO `sys_role_resources` VALUES (96, 3, 49, '2019-07-25 20:33:11', '2019-07-25 20:33:11');
COMMIT;

-- ----------------------------
-- Table structure for sys_template
-- ----------------------------
DROP TABLE IF EXISTS `sys_template`;
CREATE TABLE `sys_template` (
  `id` bigint(20) unsigned NOT NULL AUTO_INCREMENT,
  `ref_key` varchar(100) DEFAULT NULL COMMENT '键',
  `ref_value` text COMMENT '模板内容',
  `create_time` datetime DEFAULT CURRENT_TIMESTAMP COMMENT '添加时间',
  `update_time` datetime DEFAULT CURRENT_TIMESTAMP COMMENT '更新时间',
  PRIMARY KEY (`id`) USING BTREE
) ENGINE=InnoDB AUTO_INCREMENT=11 DEFAULT CHARSET=utf8 ROW_FORMAT=COMPACT;

-- ----------------------------
-- Records of sys_template
-- ----------------------------
BEGIN;
INSERT INTO `sys_template` VALUES (1, 'TM_SITEMAP_XML', '<?xml version=\"1.0\" encoding=\"UTF-8\"?>\r\n<urlset xmlns:xsi=\"http://www.w3.org/2001/XMLSchema-instance\" xmlns=\"http://www.sitemaps.org/schemas/sitemap/0.9\" xsi:schemaLocation=\"http://www.sitemaps.org/schemas/sitemap/0.9 http://www.sitemaps.org/schemas/sitemap/0.9/sitemap.xsd\">\r\n	<url>\r\n		<loc>${config.siteUrl}</loc>\r\n		<priority>1.0</priority>\r\n		<lastmod>${.now?string(\"yyyy-MM-dd\")}</lastmod>\r\n		<changefreq>daily</changefreq>\r\n	</url>\r\n	<url>\r\n		<loc>${config.siteUrl}/about</loc>\r\n		<priority>0.6</priority>\r\n		<lastmod>${.now?string(\"yyyy-MM-dd\")}</lastmod>\r\n		<changefreq>daily</changefreq>\r\n	</url>\r\n	<url>\r\n		<loc>${config.siteUrl}/links</loc>\r\n		<priority>0.6</priority>\r\n		<lastmod>${.now?string(\"yyyy-MM-dd\")}</lastmod>\r\n		<changefreq>daily</changefreq>\r\n	</url>\r\n	<url>\r\n		<loc>${config.siteUrl}/guestbook</loc>\r\n		<priority>0.6</priority>\r\n		<lastmod>${.now?string(\"yyyy-MM-dd\")}</lastmod>\r\n		<changefreq>daily</changefreq>\r\n	</url>\r\n	<url>\r\n		<loc>${config.siteUrl}/updateLog</loc>\r\n		<priority>0.6</priority>\r\n		<lastmod>${.now?string(\"yyyy-MM-dd\")}</lastmod>\r\n		<changefreq>daily</changefreq>\r\n	</url>\r\n	<url>\r\n		<loc>${config.siteUrl}/recommended</loc>\r\n		<priority>0.6</priority>\r\n		<lastmod>${.now?string(\"yyyy-MM-dd\")}</lastmod>\r\n		<changefreq>daily</changefreq>\r\n	</url>\r\n	<#list articleList as item>\r\n		<url>\r\n			<loc>${config.siteUrl}/article/${item.id}</loc>\r\n			<priority>0.6</priority>\r\n			<lastmod>${item.updateTime?string(\"yyyy-MM-dd\")}</lastmod>\r\n			<changefreq>daily</changefreq>\r\n		</url>\r\n	</#list>\r\n	<#list articleTypeList as item>\r\n	   <url>\r\n			<loc>${config.siteUrl}/type/${item.id}</loc>\r\n			<priority>0.6</priority>\r\n			<lastmod>${item.updateTime?string(\"yyyy-MM-dd\")}</lastmod>\r\n			<changefreq>daily</changefreq>\r\n		</url>\r\n	</#list>\r\n	\r\n	<#list articleTagsList as item>\r\n	   <url>\r\n			<loc>${config.siteUrl}/tag/${item.id}</loc>\r\n			<priority>0.6</priority>\r\n			<lastmod>${item.updateTime?string(\"yyyy-MM-dd\")}</lastmod>\r\n			<changefreq>daily</changefreq>\r\n		</url>\r\n	</#list>\r\n</urlset>', '2019-07-25 20:33:11', '2019-07-25 20:33:11');
INSERT INTO `sys_template` VALUES (2, 'TM_SITEMAP_TXT', '${config.siteUrl}\r\n${config.siteUrl}/about\r\n${config.siteUrl}/links\r\n${config.siteUrl}/guestbook\r\n${config.siteUrl}/updateLog\r\n${config.siteUrl}/recommended\r\n<#list articleList as item>\r\n${config.siteUrl}/article/${item.id}\r\n</#list>\r\n<#list articleTypeList as item>\r\n${config.siteUrl}/type/${item.id}\r\n</#list>\r\n<#list articleTagsList as item>\r\n${config.siteUrl}/tag/${item.id}\r\n</#list>', '2019-07-25 20:33:11', '2019-07-25 20:33:11');
INSERT INTO `sys_template` VALUES (3, 'TM_SITEMAP_HTML', '<!DOCTYPE html>\r\n<html lang=\"zh-CN\">\r\n<head>\r\n    <meta http-equiv=\"Content-Type\" content=\"text/html; charset=utf-8\"/>\r\n    <title>${config.siteName} 网站地图</title>\r\n    <meta name=\"author\" content=\"SiteMapX.com\"/>\r\n    <meta name=\"robots\" content=\"index,follow\"/>\r\n    <style type=\"text/css\">\r\n        body {\r\n            color: #000000;\r\n            background: #ffffff;\r\n            margin: 20px;\r\n            font-family: Verdana, Arial, Helvetica, sans-serif;\r\n            font-size: 12px;\r\n        }\r\n\r\n        #myTable {\r\n            list-style: none;\r\n            margin: 10px 0px 10px 0px;\r\n            padding: 0px;\r\n            width: 100%;\r\n            min-width: 804px;\r\n        }\r\n\r\n        #myTable li {\r\n            list-style-type: none;\r\n            width: 100%;\r\n            min-width: 404px;\r\n            height: 20px;\r\n            line-height: 20px;\r\n        }\r\n\r\n        .pull-left{\r\n            float: left!important;\r\n        }\r\n        .pull-right{\r\n            float: right!important;\r\n        }\r\n\r\n        #myTable li .T1-h {\r\n            font-weight: bold;\r\n            min-width: 300px;\r\n        }\r\n\r\n        #myTable li .T2-h {\r\n            width: 200px;\r\n            font-weight: bold;\r\n        }\r\n\r\n        #myTable li .T3-h {\r\n            width: 200px;\r\n            font-weight: bold;\r\n        }\r\n\r\n        #myTable li .T4-h {\r\n            width: 100px;\r\n            font-weight: bold;\r\n        }\r\n\r\n        #myTable li .T1 {\r\n            min-width: 300px;\r\n        }\r\n\r\n        #myTable li .T2 {\r\n            width: 200px;\r\n        }\r\n\r\n        #myTable li .T3 {\r\n            width: 200px;\r\n        }\r\n\r\n        #myTable li .T4 {\r\n            width: 100px;\r\n        }\r\n\r\n        #footer {\r\n            padding: 2px;\r\n            margin: 0px;\r\n            font-size: 8pt;\r\n            color: gray;\r\n            min-width: 900px;\r\n        }\r\n\r\n        #footer a {\r\n            color: gray;\r\n        }\r\n\r\n        .myClear {\r\n            clear: both;\r\n        }\r\n\r\n        #nav, #content, #footer {padding: 8px; border: 1px solid #EEEEEE; clear: both; width: 95%; margin: auto; margin-top: 10px;}\r\n\r\n    </style>\r\n</head>\r\n<body>\r\n<h2 style=\"text-align: center; margin-top: 20px\">${config.siteName?if_exists} 网站地图 </h2>\r\n<div id=\"nav\"><a href=\"${config.siteUrl?if_exists}\"><strong>${config.siteName?if_exists}</strong></a> &raquo; <a href=\"${config.siteUrl?if_exists}/sitemap.html\">站点地图</a></div>\r\n<div id=\"content\">\r\n    <h3>最新文章</h3>\r\n    <ul id=\"myTable\">\r\n        <li>\r\n            <div class=\"T1-h pull-left\">URL</div>\r\n            <div class=\"T2-h pull-right\">Last Change</div>\r\n            <div class=\"T3-h pull-right\">Change Frequency</div>\r\n            <div class=\"T4-h pull-right\">Priority</div>\r\n        </li>\r\n        <div class=\"myClear\"></div>\r\n        <li>\r\n            <div class=\"T1 pull-left\"><a href=\"${config.siteUrl}\" title=\"${config.siteName}\">${config.siteName} | 一个程序员的个人博客</a></div>\r\n            <div class=\"T2 pull-right\">${.now?string(\"yyyy-MM-dd\")}</div>\r\n            <div class=\"T3 pull-right\">daily</div>\r\n            <div class=\"T4 pull-right\">1</div>\r\n        </li>\r\n        <div class=\"myClear\"></div>\r\n        <li>\r\n            <div class=\"T1 pull-left\"><a href=\"${config.siteUrl}/about\" title=\"${config.siteName}\">关于 | ${config.siteName}</a></div>\r\n            <div class=\"T2 pull-right\">${.now?string(\"yyyy-MM-dd\")}</div>\r\n            <div class=\"T3 pull-right\">daily</div>\r\n            <div class=\"T4 pull-right\">0.6</div>\r\n        </li>\r\n        <div class=\"myClear\"></div>\r\n        <li>\r\n            <div class=\"T1 pull-left\"><a href=\"${config.siteUrl}/links\" title=\"${config.siteName}\">友情链接 | ${config.siteName}</a></div>\r\n            <div class=\"T2 pull-right\">${.now?string(\"yyyy-MM-dd\")}</div>\r\n            <div class=\"T3 pull-right\">daily</div>\r\n            <div class=\"T4 pull-right\">0.6</div>\r\n        </li>\r\n        <div class=\"myClear\"></div>\r\n        <li>\r\n            <div class=\"T1 pull-left\"><a href=\"${config.siteUrl}/guestbook\" title=\"${config.siteName}\">留言板 | ${config.siteName}</a></div>\r\n            <div class=\"T2 pull-right\">${.now?string(\"yyyy-MM-dd\")}</div>\r\n            <div class=\"T3 pull-right\">daily</div>\r\n            <div class=\"T4 pull-right\">0.6</div>\r\n        </li>\r\n        <div class=\"myClear\"></div>\r\n        <li>\r\n            <div class=\"T1 pull-left\"><a href=\"${config.siteUrl}/updateLog\" title=\"${config.siteName}\">网站更新记录 | ${config.siteName}</a></div>\r\n            <div class=\"T2 pull-right\">${.now?string(\"yyyy-MM-dd\")}</div>\r\n            <div class=\"T3 pull-right\">daily</div>\r\n            <div class=\"T4 pull-right\">0.6</div>\r\n        </li>\r\n		<div class=\"myClear\"></div>\r\n        <li>\r\n            <div class=\"T1 pull-left\"><a href=\"${config.siteUrl}/recommended\" title=\"${config.siteName}\">站长推荐 | ${config.siteName}</a></div>\r\n            <div class=\"T2 pull-right\">${.now?string(\"yyyy-MM-dd\")}</div>\r\n            <div class=\"T3 pull-right\">daily</div>\r\n            <div class=\"T4 pull-right\">0.6</div>\r\n        </li>\r\n        <div class=\"myClear\"></div>\r\n        <#list articleList as item>\r\n            <li>\r\n                <div class=\"T1 pull-left\"><a href=\"${config.siteUrl}/article/${item.id}\" title=\"${item.title}\">${item.title} | ${config.siteName}</a></div>\r\n                <div class=\"T2 pull-right\">${item.updateTime?string(\"yyyy-MM-dd\")}</div>\r\n                <div class=\"T3 pull-right\">daily</div>\r\n                <div class=\"T4 pull-right\">0.6</div>\r\n            </li>\r\n            <div class=\"myClear\"></div>\r\n        </#list>\r\n    </ul>\r\n</div>\r\n<div id=\"content\">\r\n    <h3>分类目录</h3>\r\n    <ul id=\"myTable\">\r\n        <#list articleTypeList as item>\r\n            <li>\r\n                <div class=\"T1 pull-left\"><a href=\"${config.siteUrl}/type/${item.id}\" title=\"${item.name}\">${item.name} | ${config.siteName}</a></div>\r\n                <div class=\"T2 pull-right\">${item.updateTime?string(\"yyyy-MM-dd\")}</div>\r\n                <div class=\"T3 pull-right\">daily</div>\r\n                <div class=\"T4 pull-right\">0.6</div>\r\n            </li>\r\n            <div class=\"myClear\"></div>\r\n        </#list>\r\n    </ul>\r\n</div>\r\n<div id=\"content\">\r\n    <h3>标签目录</h3>\r\n    <ul id=\"myTable\">\r\n        <#list articleTagsList as item>\r\n            <li>\r\n                <div class=\"T1 pull-left\"><a href=\"${config.siteUrl}/tag/${item.id}\" title=\"${item.name}\">${item.name} | ${config.siteName}</a></div>\r\n                <div class=\"T2 pull-right\">${item.updateTime?string(\"yyyy-MM-dd\")}</div>\r\n                <div class=\"T3 pull-right\">daily</div>\r\n                <div class=\"T4 pull-right\">0.6</div>\r\n            </li>\r\n            <div class=\"myClear\"></div>\r\n        </#list>\r\n    </ul>\r\n</div>\r\n<div id=\"footer\">\r\n    该文件由<a href=\"${config.siteUrl}\" title=\"${config.siteName}\">${config.siteName}</a>网站自动生成。\r\n</div>\r\n</body>\r\n</html>', '2019-07-25 20:33:11', '2019-07-25 20:33:11');
INSERT INTO `sys_template` VALUES (4, 'TM_ROBOTS', 'Crawl-delay: 5\r\nSitemap: ${config.cmsUrl}/sitemap.txt\r\nSitemap: ${config.cmsUrl}/sitemap.xml\r\nSitemap: ${config.cmsUrl}/sitemap.html\r\n', '2019-07-25 20:33:11', '2019-07-25 20:33:11');
INSERT INTO `sys_template` VALUES (5, 'TM_LINKS', '<!DOCTYPE html>\r\n<html lang=\"en\">\r\n<head>\r\n    <meta charset=\"UTF-8\">\r\n    <title>友情链接操作通知</title>\r\n</head>\r\n<body>\r\n<div style=\"border-radius:5px;font-size:13px;width:680px;font-family:微软雅黑,\'Helvetica Neue\',Arial,sans-serif;margin:10px auto 0px;border:1px solid #eee;max-width:100%\">\r\n    <div style=\"width:100%;background:#2f889a;color:#ffffff;border-radius:5px 5px 0 0\">\r\n        <p style=\"font-size:15px;word-break:break-all;padding:20px 32px;margin:0\">\r\n            友情链接操作通知\r\n        </p>\r\n    </div>\r\n    <div style=\"margin:0px auto;width:90%\">\r\n        <p>站长<a href=\"${link.url?if_exists}\" target=\"_blank\">${link.name?if_exists}</a>，您好!</p>\r\n        <p>您于 ${link.createTime?string(\'yyyy-MM-dd HH:mm:ss\')} 提交的友链申请已通过系统审核。以下为您提交的信息，请确认（如有误，请联系我）！</p>\r\n        <p>\r\n        <ul>\r\n            <li>${link.name?if_exists}</li>\r\n            <li>${link.url?if_exists}</li>\r\n            <li>${link.description?if_exists}</li>\r\n            <li>${link.email?if_exists}</li>\r\n            <li>${link.qq?if_exists}</li>\r\n            <li><img src=\"${link.favicon?if_exists}\" width=\"100\" alt=\"LOGO\"></li>\r\n        </ul>\r\n        </p>\r\n        <p>本站会不定期检查连接有效性，如果因为贵站改版、服务到期等原因导致无法正常访问的，我会暂时停掉贵站友链，待贵站可以正常访问后，本站会继续启用贵站友链。</p>\r\n        <p>特别注意：以下情况，本站将在不做任何通知下，<strong>取消友链</strong>！</p>\r\n        <ul>\r\n            <li>私自取消本站友情链接</li>\r\n            <li>更换域名且未通知本站</li>\r\n            <li>网站内容长期不更新</li>\r\n            <li>友链上使用诸如nofollow之类的属性</li>\r\n        </ul>\r\n        <p>感谢您对 <a style=\"text-decoration:none;\" href=\"${config.siteUrl?if_exists}\" target=\"_blank\">${config.siteName?if_exists}</a> 的关注，如您有任何疑问，欢迎来我网站<a style=\"text-decoration:none;\" href=\"${config.siteUrl}/guestbook\" target=\"_blank\">留言</a>。</p>\r\n        <p>（注：此邮件由系统自动发出，请勿回复。）</p>\r\n    </div>\r\n    <div class=\"adL\">\r\n    </div>\r\n</div>\r\n</body>\r\n</html>', '2019-07-25 20:33:11', '2019-07-25 20:33:11');
INSERT INTO `sys_template` VALUES (6, 'TM_COMMENT_AUDIT', '<!DOCTYPE html>\r\n<html lang=\"en\">\r\n<head>\r\n    <meta charset=\"UTF-8\">\r\n    <title>评论审核结果通知</title>\r\n</head>\r\n<body>\r\n<div style=\"border-radius:5px;font-size:13px;width:680px;font-family:微软雅黑,\'Helvetica Neue\',Arial,sans-serif;margin:10px auto 0px;border:1px solid #eee;max-width:100%\">\r\n    <div style=\"width:100%;background:#2f889a;color:#ffffff;border-radius:5px 5px 0 0\">\r\n        <p style=\"font-size:15px;word-break:break-all;padding:20px 32px;margin:0\">\r\n            评论审核结果通知\r\n        </p>\r\n    </div>\r\n    <div style=\"margin:0px auto;width:90%\">\r\n        <p>${comment.nickname?if_exists}，您好!</p>\r\n        <p>\r\n            您于 ${comment.createTime?string(\'yyyy-MM-dd HH:mm:ss\')} 在文章《${config.siteUrl?if_exists}${comment.sourceUrl?if_exists}》 上发表的<span class=\"il\">评论</span>：\r\n        </p>\r\n        <div style=\"background:#efefef;margin:15px 0px;padding:1px 15px;border-radius:5px;font-size:14px;color:#333\">${comment.content}</div>\r\n        <#if comment.status == \'APPROVED\'>\r\n        <p>已通过管理员审核并显示。</p>\r\n        <p>\r\n            您可以点击 <a style=\"text-decoration:none;\" href=\"${config.siteUrl}${comment.sourceUrl}\" target=\"_blank\">链接</a>查看回复的完整內容。\r\n        </p>\r\n        <#elseif comment.status == \'REJECT\'>\r\n        <p>审核失败！失败原因：</p>\r\n        <p style=\"background:#efefef;margin:15px 0px;padding:1px 15px;border-radius:5px;font-size:14px;color:#333\">${comment.remark}</p>\r\n        <#elseif comment.status == \'DELETED\'>\r\n        <p>已被管理员删除！删除原因：</p>\r\n        <p style=\"background:#efefef;margin:15px 0px;padding:1px 15px;border-radius:5px;font-size:14px;color:#333\">${comment.remark}</p>\r\n        <#else>\r\n        <p>管理员正在审核中！审核通过后将给您及时发送通知！</p>\r\n        </#if>\r\n        <p>感谢您对 <a style=\"text-decoration:none;\" href=\"${config.siteUrl}\" target=\"_blank\">${config.siteName}</a> 的关注，如您有任何疑问，欢迎来我网站<a style=\"text-decoration:none;\" href=\"${config.siteUrl}/guestbook\" target=\"_blank\">留言</a>。</p>\r\n        <p>（注：此邮件由系统自动发出，请勿回复。）</p>\r\n    </div>\r\n    <div class=\"adL\">\r\n    </div>\r\n</div>\r\n</body>\r\n</html>', '2019-07-25 20:33:11', '2019-07-25 20:33:11');
INSERT INTO `sys_template` VALUES (7, 'TM_COMMENT_REPLY', '<!DOCTYPE html>\r\n<html lang=\"en\">\r\n<head>\r\n    <meta charset=\"UTF-8\">\r\n    <title>评论回复通知</title>\r\n</head>\r\n<body>\r\n<div style=\"border-radius:5px;font-size:13px;width:680px;font-family:微软雅黑,\'Helvetica Neue\',Arial,sans-serif;margin:10px auto 0px;border:1px solid #eee;max-width:100%\">\r\n    <div style=\"width:100%;background:#2f889a;color:#ffffff;border-radius:5px 5px 0 0\">\r\n        <p style=\"font-size:15px;word-break:break-all;padding:20px 32px;margin:0\">\r\n            评论回复通知\r\n        </p>\r\n    </div>\r\n    <div style=\"margin:0px auto;width:90%\">\r\n        <p>${comment.nickname}，您好!</p>\r\n        <p>\r\n            您于 ${comment.createTime?string(\'yyyy-MM-dd HH:mm:ss\')} 在文章《${config.siteUrl}${comment.sourceUrl}》 上发表的<span class=\"il\">评论</span>：\r\n        </p>\r\n        <div style=\"background:#efefef;margin:15px 0px;padding:1px 15px;border-radius:5px;font-size:14px;color:#333\">${comment.content}</div>\r\n        <p>\r\n            有了 <strong>新的回复</strong>！您可以点击 <a style=\"text-decoration:none;\" href=\"${config.siteUrl}${comment.sourceUrl}\" target=\"_blank\">链接</a>查看回复的完整內容。\r\n        </p>\r\n        <p>感谢您对 <a style=\"text-decoration:none;\" href=\"${config.siteUrl}\" target=\"_blank\">${config.siteName}</a> 的关注，如您有任何疑问，欢迎来我网站<a style=\"text-decoration:none;\" href=\"${config.siteUrl}/guestbook\" target=\"_blank\">留言</a>。</p>\r\n        <p>（注：此邮件由系统自动发出，请勿回复。）</p>\r\n    </div>\r\n    <div class=\"adL\">\r\n    </div>\r\n</div>\r\n</body>\r\n</html>', '2019-07-25 20:33:11', '2019-07-25 20:33:11');
INSERT INTO `sys_template` VALUES (8, 'TM_LINKS_TO_ADMIN', '<!DOCTYPE html>\r\n<html lang=\"en\">\r\n<head>\r\n    <meta charset=\"UTF-8\">\r\n    <title>友情链接操作通知</title>\r\n</head>\r\n<body>\r\n<div style=\"border-radius:5px;font-size:13px;width:680px;font-family:微软雅黑,\'Helvetica Neue\',Arial,sans-serif;margin:10px auto 0px;border:1px solid #eee;max-width:100%\">\r\n    <div style=\"width:100%;background:#2f889a;color:#ffffff;border-radius:5px 5px 0 0\">\r\n        <p style=\"font-size:15px;word-break:break-all;padding:20px 32px;margin:0\">\r\n            友情链接操作通知\r\n        </p>\r\n    </div>\r\n    <div style=\"margin:0px auto;width:90%\">\r\n        <p>有新的友情链接加入，信息如下</p>\r\n        <p>\r\n        <ul>\r\n            <li>${link.name?if_exists}</li>\r\n            <li>${link.url?if_exists}</li>\r\n            <li>${link.description?if_exists}</li>\r\n            <#if link.favicon?exists><li><img src=\"${link.favicon?if_exists}\" width=\"100\" alt=\"LOGO\"></li></#if>\r\n        </ul>\r\n        </p>\r\n        <p><a style=\"text-decoration:none;\" href=\"${config.cmsUrl}\" target=\"_blank\">去后台继续审核</a>。</p>\r\n        <p>（注：此邮件由系统自动发出，请勿回复。）</p>\r\n    </div>\r\n    <div class=\"adL\">\r\n    </div>\r\n</div>\r\n</body>\r\n</html>', '2019-07-25 20:33:11', '2019-07-25 20:33:11');
INSERT INTO `sys_template` VALUES (9, 'TM_NEW_COMMENT', '<!DOCTYPE html>\r\n<html lang=\"en\">\r\n<head>\r\n    <meta charset=\"UTF-8\">\r\n    <title>新评论通知</title>\r\n</head>\r\n<body>\r\n<div style=\"border-radius:5px;font-size:13px;width:680px;font-family:微软雅黑,\'Helvetica Neue\',Arial,sans-serif;margin:10px auto 0px;border:1px solid #eee;max-width:100%\">\r\n    <div style=\"width:100%;background:#2f889a;color:#ffffff;border-radius:5px 5px 0 0\">\r\n        <p style=\"font-size:15px;word-break:break-all;padding:20px 32px;margin:0\">\r\n            新评论通知\r\n        </p>\r\n    </div>\r\n    <div style=\"margin:0px auto;width:90%\">\r\n        <p>\r\n            评论内容：\r\n        </p>\r\n        <div style=\"background:#efefef;margin:15px 0px;padding:1px 15px;border-radius:5px;font-size:14px;color:#333\"><#if comment?exists>${comment.content}<#else>**无评论内容**</#if></div>\r\n        <p>\r\n            <a style=\"text-decoration:none;\" href=\"${config.siteUrl}${comment.sourceUrl}\" target=\"_blank\">查看完整评论</a>\r\n        </p>\r\n        <p>（注：此邮件由系统自动发出，请勿回复。）</p>\r\n    </div>\r\n    <div class=\"adL\">\r\n    </div>\r\n</div>\r\n</body>\r\n</html>', '2019-07-25 20:33:11', '2019-07-25 20:33:11');
INSERT INTO `sys_template` VALUES (10, 'TM_NGINX_FILE_SERVER', 'server {\r\n    listen 80;\r\n    server_name serverName;\r\n    root serverPath;\r\n	error_page 403 /error.html;\r\n	location = /error.html {\r\n		return 404;\r\n	}\r\n	autoindex off; \r\n	autoindex_exact_size off; \r\n	autoindex_localtime off; \r\n	\r\n	location ^~ / {\r\n		proxy_set_header Host $host:$server_port;\r\n    }\r\n	\r\n	location ~*\\.(jpg|gif|png|swf|flv|wma|wmv|asf|mp3|mmf|zip|rar|js|css)$ {\r\n		expires 30d;\r\n		valid_referers serverReferers;\r\n		if ($invalid_referer) {\r\n			rewrite ^/ serverLogoPath;\r\n		}\r\n    }\r\n}\r\n', '2019-07-25 20:33:11', '2019-07-25 20:33:11');
COMMIT;

-- ----------------------------
-- Table structure for sys_update_recorde
-- ----------------------------
DROP TABLE IF EXISTS `sys_update_recorde`;
CREATE TABLE `sys_update_recorde` (
  `id` bigint(20) unsigned NOT NULL AUTO_INCREMENT,
  `version` varchar(20) DEFAULT NULL COMMENT '更新版本',
  `description` varchar(2500) DEFAULT NULL COMMENT '更新记录备注',
  `recorde_time` datetime DEFAULT CURRENT_TIMESTAMP COMMENT '项目更新时间',
  `create_time` datetime DEFAULT CURRENT_TIMESTAMP COMMENT '添加时间',
  `update_time` datetime DEFAULT CURRENT_TIMESTAMP COMMENT '更新时间',
  PRIMARY KEY (`id`) USING BTREE
) ENGINE=InnoDB AUTO_INCREMENT=2 DEFAULT CHARSET=utf8 ROW_FORMAT=COMPACT;

-- ----------------------------
-- Records of sys_update_recorde
-- ----------------------------
BEGIN;
INSERT INTO `sys_update_recorde` VALUES (1, '1.0.1', '第一版', '2019-07-25 20:33:11', '2019-07-25 20:33:11', '2019-07-25 20:33:11');
COMMIT;

-- ----------------------------
-- Table structure for sys_user
-- ----------------------------
DROP TABLE IF EXISTS `sys_user`;
CREATE TABLE `sys_user` (
  `id` bigint(20) unsigned NOT NULL AUTO_INCREMENT,
  `username` varchar(100) DEFAULT NULL,
  `password` varchar(100) DEFAULT NULL COMMENT '登录密码',
  `nickname` varchar(30) DEFAULT '' COMMENT '昵称',
  `mobile` varchar(30) DEFAULT NULL COMMENT '手机号',
  `email` varchar(100) DEFAULT NULL COMMENT '邮箱地址',
  `qq` varchar(20) DEFAULT NULL COMMENT 'QQ',
  `birthday` date DEFAULT NULL COMMENT '生日',
  `gender` smallint(2) DEFAULT NULL COMMENT '性别',
  `avatar` varchar(255) DEFAULT NULL COMMENT '头像地址',
  `user_type` enum('ROOT','ADMIN','USER') DEFAULT 'ADMIN' COMMENT '超级管理员、管理员、普通用户',
  `company` varchar(100) DEFAULT NULL COMMENT '公司',
  `blog` varchar(255) DEFAULT NULL COMMENT '个人博客地址',
  `location` varchar(255) DEFAULT NULL COMMENT '地址',
  `source` enum('GITHUB','GITEE','WEIBO','DINGTALK','BAIDU','CSDN','CODING','OSCHINA','TENCENT_CLOUD','ALIPAY','TAOBAO','QQ','WECHAT','GOOGLE','FACEBOOK') DEFAULT NULL COMMENT '用户来源',
  `uuid` varchar(50) DEFAULT NULL COMMENT '用户唯一表示(第三方网站)',
  `privacy` tinyint(2) DEFAULT NULL COMMENT '隐私（1：公开，0：不公开）',
  `notification` tinyint(2) unsigned DEFAULT NULL COMMENT '通知：(1：通知显示消息详情，2：通知不显示详情)',
  `score` int(10) unsigned DEFAULT '0' COMMENT '金币值',
  `experience` int(10) unsigned DEFAULT '0' COMMENT '经验值',
  `reg_ip` varchar(30) DEFAULT NULL COMMENT '注册IP',
  `last_login_ip` varchar(30) DEFAULT NULL COMMENT '最近登录IP',
  `last_login_time` datetime DEFAULT NULL COMMENT '最近登录时间',
  `login_count` int(10) unsigned DEFAULT '0' COMMENT '登录次数',
  `remark` varchar(100) DEFAULT NULL COMMENT '用户备注',
  `status` int(1) unsigned DEFAULT NULL COMMENT '用户状态',
  `create_time` datetime DEFAULT CURRENT_TIMESTAMP COMMENT '注册时间',
  `update_time` datetime DEFAULT CURRENT_TIMESTAMP COMMENT '更新时间',
  PRIMARY KEY (`id`) USING BTREE
) ENGINE=InnoDB AUTO_INCREMENT=4 DEFAULT CHARSET=utf8 ROW_FORMAT=DYNAMIC;

-- ----------------------------
-- Records of sys_user
-- ----------------------------
BEGIN;
INSERT INTO `sys_user` VALUES (1, 'root', 'CGUx1FN++xS+4wNDFeN6DA==', '超级管理员', '15151551516', '1696113170@qq.com', '1696113170', NULL, NULL, 'https://static.zhyd.me/static/img/favicon.ico', 'ROOT', NULL, NULL, NULL, NULL, NULL, NULL, NULL, 0, 0, NULL, '0:0:0:0:0:0:0:1', '2019-11-17 10:23:36', 256, NULL, 1, '2019-07-25 20:33:11', '2019-11-17 16:08:27');
INSERT INTO `sys_user` VALUES (2, 'admin', 'gXp2EbyZ+sB/A6QUMhiUJQ==', '管理员', '15151551516', '1696113170@qq.com', '1696113170', NULL, NULL, NULL, 'ADMIN', NULL, NULL, NULL, NULL, NULL, 1, 1, 0, 0, '0:0:0:0:0:0:0:1', '0:0:0:0:0:0:0:1', '2019-07-25 20:33:11', 2, NULL, 1, '2019-07-25 20:33:11', '2019-11-17 16:08:44');
INSERT INTO `sys_user` VALUES (3, 'comment-admin', 'x9qCx3yP05yWfIE5wXbCsg==', '评论审核管理员', '', '', '', NULL, NULL, NULL, 'ADMIN', NULL, NULL, NULL, NULL, NULL, 1, 1, 0, 0, '0:0:0:0:0:0:0:1', '0:0:0:0:0:0:0:1', '2019-07-25 20:33:11', 1, NULL, 1, '2019-07-25 20:33:11', '2019-07-25 20:33:11');
COMMIT;

-- ----------------------------
-- Table structure for sys_user_role
-- ----------------------------
DROP TABLE IF EXISTS `sys_user_role`;
CREATE TABLE `sys_user_role` (
  `id` bigint(20) unsigned NOT NULL AUTO_INCREMENT,
  `user_id` bigint(20) unsigned NOT NULL,
  `role_id` bigint(20) unsigned NOT NULL,
  `create_time` datetime DEFAULT CURRENT_TIMESTAMP COMMENT '添加时间',
  `update_time` datetime DEFAULT CURRENT_TIMESTAMP COMMENT '更新时间',
  PRIMARY KEY (`id`) USING BTREE
) ENGINE=InnoDB AUTO_INCREMENT=4 DEFAULT CHARSET=utf8 ROW_FORMAT=COMPACT;

-- ----------------------------
-- Records of sys_user_role
-- ----------------------------
BEGIN;
INSERT INTO `sys_user_role` VALUES (1, 1, 1, '2019-07-25 20:33:11', '2019-07-25 20:33:11');
INSERT INTO `sys_user_role` VALUES (2, 2, 2, '2019-07-25 20:33:11', '2019-07-25 20:33:11');
INSERT INTO `sys_user_role` VALUES (3, 3, 3, '2019-07-25 20:33:11', '2019-07-25 20:33:11');
COMMIT;

SET FOREIGN_KEY_CHECKS = 1;
